,LEFT_SHOULDER_X,LEFT_SHOULDER_Y,RIGHT_SHOULDER_X,RIGHT_SHOULDER_Y,LEFT_ELBOW_X,LEFT_ELBOW_Y,RIGHT_ELBOW_X,RIGHT_ELBOW_Y,LEFT_WRIST_X,LEFT_WRIST_Y,RIGHT_WRIST_X,RIGHT_WRIST_Y,LEFT_PINKY_X,LEFT_PINKY_Y,RIGHT_PINKY_X,RIGHT_PINKY_Y,LEFT_INDEX_X,LEFT_INDEX_Y,RIGHT_INDEX_X,RIGHT_INDEX_Y,LEFT_THUMB_X,LEFT_THUMB_Y,RIGHT_THUMB_X,RIGHT_THUMB_Y,LEFT_HIP_X,LEFT_HIP_Y,RIGHT_HIP_X,RIGHT_HIP_Y,LEFT_KNEE_X,LEFT_KNEE_Y,RIGHT_KNEE_X,RIGHT_KNEE_Y,LEFT_ANKLE_X,LEFT_ANKLE_Y,RIGHT_ANKLE_X,RIGHT_ANKLE_Y,LEFT_HEEL_X,LEFT_HEEL_Y,RIGHT_HEEL_X,RIGHT_HEEL_Y,LEFT_FOOT_INDEX_X,LEFT_FOOT_INDEX_Y,RIGHT_FOOT_INDEX_X,RIGHT_FOOT_INDEX_Y
0,0.4891895651817322,0.36528265476226807,0.4583595395088196,0.39794179797172546,0.5076332688331604,0.48607733845710754,0.48519811034202576,0.502652645111084,0.5144100785255432,0.592044472694397,0.49961844086647034,0.5958638787269592,0.518111526966095,0.617112934589386,0.5043240785598755,0.6205866932868958,0.5128970146179199,0.6171794533729553,0.5033345818519592,0.6189606785774231,0.5124714970588684,0.6087150573730469,0.5030786991119385,0.6107133626937866,0.5591957569122314,0.49350211024284363,0.5347921252250671,0.5074772238731384,0.5372338891029358,0.6554933190345764,0.5204267501831055,0.6568395495414734,0.5334138870239258,0.8231516480445862,0.5294381380081177,0.8179029822349548,0.5467426180839539,0.8571929335594177,0.5427953004837036,0.8491601347923279,0.4982089102268219,0.8540807366371155,0.4927958846092224,0.8526696562767029
1,0.4896138608455658,0.3651310205459595,0.4593605101108551,0.3955175280570984,0.5097590684890747,0.48368462920188904,0.48518744111061096,0.49776917695999146,0.5144104361534119,0.5867919921875,0.49960988759994507,0.5916659832000732,0.5170491933822632,0.6119346022605896,0.5032027959823608,0.6152014136314392,0.5113893747329712,0.6126866936683655,0.5022000074386597,0.6137096285820007,0.5114747881889343,0.6041529178619385,0.5023952722549438,0.6059808135032654,0.5590349435806274,0.4932711720466614,0.5346776247024536,0.5062899589538574,0.5372339487075806,0.654181718826294,0.5197116732597351,0.6559796929359436,0.5347970724105835,0.8215962052345276,0.5294345021247864,0.8167575597763062,0.5470282435417175,0.8543941974639893,0.5413735508918762,0.8482711315155029,0.4981726109981537,0.8537784814834595,0.4919222295284271,0.8525875210762024
2,0.491100937128067,0.3598468005657196,0.4593539834022522,0.3913145065307617,0.511498212814331,0.4778974652290344,0.48445454239845276,0.4892275631427765,0.5131990313529968,0.5800156593322754,0.499183714389801,0.5864541530609131,0.5131717324256897,0.6041921973228455,0.5006726980209351,0.608161985874176,0.5070613622665405,0.6051693558692932,0.49932947754859924,0.606194257736206,0.5080438852310181,0.5967366695404053,0.5002046823501587,0.5983250141143799,0.5585755109786987,0.49318617582321167,0.5339909195899963,0.5060107111930847,0.536846399307251,0.653998851776123,0.5195046663284302,0.6556077599525452,0.5359320640563965,0.8212745785713196,0.5294662714004517,0.8154077529907227,0.5476213097572327,0.8532966375350952,0.5412238836288452,0.8468855023384094,0.4982006549835205,0.8537454009056091,0.49174290895462036,0.8522282242774963
3,0.4923933446407318,0.3508380055427551,0.4595305323600769,0.38637110590934753,0.5134108066558838,0.46566182374954224,0.4839099943637848,0.4818129241466522,0.5111128091812134,0.5692245960235596,0.49899324774742126,0.5775020122528076,0.5098317265510559,0.5930303931236267,0.5002180933952332,0.5977504849433899,0.5037853121757507,0.5916913747787476,0.4984115958213806,0.59508216381073,0.504912257194519,0.5836479663848877,0.4990851879119873,0.5887782573699951,0.557872474193573,0.4929546117782593,0.5334652662277222,0.5060186982154846,0.5357637405395508,0.6536842584609985,0.5189419984817505,0.6555772423744202,0.5366665720939636,0.8208848834037781,0.5293395519256592,0.8145810961723328,0.5479344129562378,0.8506074547767639,0.540187656879425,0.8450936675071716,0.4993925988674164,0.8542032837867737,0.49180182814598083,0.8522223830223083
4,0.49403080344200134,0.3446415066719055,0.45952028036117554,0.38162657618522644,0.5147693753242493,0.457703560590744,0.48372548818588257,0.4752575755119324,0.5097712278366089,0.5603551268577576,0.49853625893592834,0.5676875710487366,0.5084255933761597,0.583318829536438,0.49927932024002075,0.5873197913169861,0.5024924874305725,0.5816986560821533,0.4976420998573303,0.584806501865387,0.5036064982414246,0.5734167695045471,0.49857625365257263,0.5779904723167419,0.557607114315033,0.4929271936416626,0.5328974723815918,0.5061924457550049,0.535080075263977,0.6539406180381775,0.5184840559959412,0.6561455130577087,0.5373268127441406,0.8212392926216125,0.5292510986328125,0.8146252036094666,0.5487733483314514,0.8505381941795349,0.5399776101112366,0.8451434969902039,0.5009514093399048,0.8543481826782227,0.4922180771827698,0.852102518081665
5,0.49515944719314575,0.3378296196460724,0.4595351815223694,0.3783232867717743,0.5152269005775452,0.45269662141799927,0.48352640867233276,0.471365749835968,0.5089198350906372,0.5548192262649536,0.4983441233634949,0.5612644553184509,0.5076379179954529,0.5766222476959229,0.4985027313232422,0.5812251567840576,0.5012403726577759,0.5734705328941345,0.4964638352394104,0.5777308344841003,0.5024498701095581,0.5655025839805603,0.4976108968257904,0.5705986022949219,0.5570975542068481,0.49396851658821106,0.532248854637146,0.508224606513977,0.5344071388244629,0.6550039649009705,0.5176403522491455,0.6583118438720703,0.5373260378837585,0.8214641213417053,0.5287219285964966,0.8146622180938721,0.549174964427948,0.8507102727890015,0.5398811101913452,0.8449203372001648,0.50118088722229,0.8560900092124939,0.49238044023513794,0.8526334166526794
6,0.49593645334243774,0.33035680651664734,0.4595315456390381,0.37462255358695984,0.5159412026405334,0.444031685590744,0.48308366537094116,0.4665239453315735,0.5081954002380371,0.5501906275749207,0.4983406066894531,0.5554966926574707,0.5069320201873779,0.5701267719268799,0.4985153079032898,0.5746347308158875,0.5006831884384155,0.567240297794342,0.4964599013328552,0.571366548538208,0.5020631551742554,0.5596790909767151,0.4975524842739105,0.565302848815918,0.5561736822128296,0.494777113199234,0.5309388041496277,0.5102019906044006,0.5340341329574585,0.6558899283409119,0.5153741836547852,0.6593742370605469,0.5372379422187805,0.8214754462242126,0.5283970832824707,0.8146841526031494,0.5503025650978088,0.8507001996040344,0.5404837131500244,0.8448078632354736,0.5027501583099365,0.857290506362915,0.4933132231235504,0.8526315689086914
7,0.4968079924583435,0.3288658857345581,0.45945411920547485,0.37156781554222107,0.517207145690918,0.44214633107185364,0.4831710755825043,0.46168252825737,0.5079925060272217,0.547235906124115,0.49838700890541077,0.5495533347129822,0.5060954093933105,0.5672368407249451,0.4983366131782532,0.5690321326255798,0.49991726875305176,0.5635514855384827,0.49615806341171265,0.5662753582000732,0.5014876127243042,0.5559594631195068,0.49750596284866333,0.5596350431442261,0.555460512638092,0.49571141600608826,0.5285887122154236,0.5108673572540283,0.5340676307678223,0.6567444205284119,0.5145460367202759,0.6599555015563965,0.537209153175354,0.8220484256744385,0.526400625705719,0.8150624632835388,0.5503302812576294,0.8507473468780518,0.5395134687423706,0.8448449969291687,0.5040751695632935,0.8597919344902039,0.4933198094367981,0.8526313900947571
8,0.49693116545677185,0.32979053258895874,0.45933112502098083,0.3699784278869629,0.5178892612457275,0.4424628019332886,0.48330801725387573,0.4606870412826538,0.5078073740005493,0.5459802746772766,0.49833616614341736,0.5482672452926636,0.5051307678222656,0.5666094422340393,0.49735039472579956,0.5676299929618835,0.49909496307373047,0.5631894469261169,0.49500536918640137,0.5659531354904175,0.5009130239486694,0.5556016564369202,0.4965798258781433,0.559926450252533,0.5549116730690002,0.4969410002231598,0.5273060202598572,0.5119485259056091,0.5340957641601562,0.6581097841262817,0.5145770311355591,0.6604319214820862,0.5372166037559509,0.8230569362640381,0.5254285931587219,0.8152677416801453,0.5503105521202087,0.851252555847168,0.5377124547958374,0.8448292016983032,0.5044295191764832,0.8613983392715454,0.4929982125759125,0.8526098132133484
9,0.49692782759666443,0.32986488938331604,0.4593338370323181,0.369536429643631,0.5180454254150391,0.44287654757499695,0.4843966066837311,0.46105214953422546,0.5078469514846802,0.5451781153678894,0.498378187417984,0.5509495735168457,0.5047757625579834,0.5666379332542419,0.49735385179519653,0.569742739200592,0.4987545609474182,0.5634521842002869,0.4948432445526123,0.5687265992164612,0.5006515383720398,0.5558948516845703,0.496570885181427,0.5621863007545471,0.554804265499115,0.4986943304538727,0.5272897481918335,0.5147219300270081,0.5346032381057739,0.658162534236908,0.5140358209609985,0.6614939570426941,0.5372036695480347,0.8228857517242432,0.5242887735366821,0.8165674805641174,0.5502457022666931,0.8513128757476807,0.5354989767074585,0.8453817367553711,0.5046977400779724,0.8611668944358826,0.49291008710861206,0.8527330160140991
10,0.49714285135269165,0.3312952518463135,0.4592972695827484,0.3698902130126953,0.5176949501037598,0.4449489414691925,0.48412975668907166,0.46258071064949036,0.5078743696212769,0.547661542892456,0.4988240599632263,0.5533313155174255,0.5053355693817139,0.568859338760376,0.4974280893802643,0.5723387598991394,0.49932774901390076,0.5662617087364197,0.4950202405452728,0.5703511834144592,0.5009786486625671,0.5587422251701355,0.49666839838027954,0.56401127576828,0.5548630952835083,0.4989152252674103,0.5272247195243835,0.5156092047691345,0.5362226963043213,0.6581258773803711,0.5139905214309692,0.661404550075531,0.5371609926223755,0.8230764269828796,0.5243960618972778,0.8189942836761475,0.5497599840164185,0.8513529300689697,0.5359520316123962,0.8464484810829163,0.5045262575149536,0.8610891103744507,0.49389219284057617,0.8535324335098267
11,0.4971216320991516,0.33215153217315674,0.45929384231567383,0.37076565623283386,0.5175674557685852,0.4460008442401886,0.48420459032058716,0.46381205320358276,0.5088997483253479,0.5493320822715759,0.49888700246810913,0.5549352765083313,0.5088793635368347,0.5708140730857849,0.49851831793785095,0.5745095014572144,0.503186821937561,0.5685898065567017,0.4971168041229248,0.5723855495452881,0.5040003061294556,0.560825765132904,0.49824538826942444,0.5659193396568298,0.5549129247665405,0.4988812506198883,0.5274205207824707,0.5163483023643494,0.5371332764625549,0.6581001877784729,0.5138984322547913,0.6616622805595398,0.5371443629264832,0.823096513748169,0.5245104432106018,0.8205966353416443,0.5490630269050598,0.8513967990875244,0.5362312197685242,0.8469309210777283,0.5043894052505493,0.8604621887207031,0.49462708830833435,0.8539531230926514
12,0.49635982513427734,0.3329003155231476,0.4593145251274109,0.37244996428489685,0.5173954367637634,0.4465653598308563,0.4841853976249695,0.4652854800224304,0.5102139711380005,0.5501890182495117,0.49937567114830017,0.5552077889442444,0.5127284526824951,0.5709357857704163,0.5018957853317261,0.5789920687675476,0.5071531534194946,0.5719918012619019,0.5014787912368774,0.5768181085586548,0.5069678425788879,0.5641512870788574,0.5017201900482178,0.5683752298355103,0.5550628900527954,0.49921590089797974,0.5277705192565918,0.5179262161254883,0.5375133752822876,0.6580823659896851,0.5135948061943054,0.661726713180542,0.5367103815078735,0.8230533003807068,0.5249651074409485,0.821332573890686,0.5473864674568176,0.8514166474342346,0.5364000797271729,0.8472959399223328,0.5041090250015259,0.859039843082428,0.49467167258262634,0.8543900847434998
13,0.49593695998191833,0.3337874114513397,0.45931297540664673,0.37547895312309265,0.5171128511428833,0.4467644691467285,0.48364758491516113,0.4683683216571808,0.5130131244659424,0.5521626472473145,0.5004268288612366,0.5586569309234619,0.5173569917678833,0.5748501420021057,0.5036207437515259,0.5873194932937622,0.5120543837547302,0.578559935092926,0.5044441819190979,0.5869898796081543,0.5113893747329712,0.5702927112579346,0.5050268769264221,0.5771529078483582,0.5554136037826538,0.4992942810058594,0.5281420946121216,0.5179544687271118,0.5376777052879333,0.6579477787017822,0.5136656165122986,0.661609411239624,0.5364643335342407,0.8229840993881226,0.5250876545906067,0.821240246295929,0.5469914674758911,0.8514469265937805,0.5365172028541565,0.8472924828529358,0.5040016174316406,0.8578115105628967,0.49463874101638794,0.8543825745582581
14,0.4952009320259094,0.3384685516357422,0.45969605445861816,0.3793705701828003,0.5170479416847229,0.4511600732803345,0.48373842239379883,0.472979336977005,0.5159039497375488,0.5574988722801208,0.5027798414230347,0.5666164755821228,0.5211811065673828,0.5828943848609924,0.5063132047653198,0.5956963300704956,0.515944242477417,0.587399423122406,0.5075342655181885,0.5963711142539978,0.514804482460022,0.5784652233123779,0.5079890489578247,0.5862724781036377,0.5558468699455261,0.5000128746032715,0.5296347737312317,0.518843412399292,0.5376318097114563,0.6583706140518188,0.5145723223686218,0.6619623899459839,0.5359883904457092,0.8229804635047913,0.5265100598335266,0.8213222622871399,0.5457361936569214,0.8514589071273804,0.5368088483810425,0.8474409580230713,0.5033464431762695,0.8556798696517944,0.49480968713760376,0.853977382183075
15,0.4950465261936188,0.3438504934310913,0.4597035050392151,0.38330328464508057,0.5167086720466614,0.45620793104171753,0.4846208691596985,0.4763024151325226,0.5171209573745728,0.5620713829994202,0.5047115683555603,0.5733402967453003,0.5222553014755249,0.5882256031036377,0.5078912377357483,0.6006477475166321,0.5172289609909058,0.592716634273529,0.5092462301254272,0.6015028357505798,0.5161550045013428,0.5833413600921631,0.5097682476043701,0.5920291543006897,0.5564018487930298,0.5004332065582275,0.5305710434913635,0.5191314220428467,0.5378479957580566,0.6588404774665833,0.5159267783164978,0.662659227848053,0.5352835655212402,0.8228374719619751,0.5272015333175659,0.8212834000587463,0.5445635318756104,0.8513761162757874,0.5368479490280151,0.8474799990653992,0.5016724467277527,0.8529476523399353,0.49474501609802246,0.8519279956817627
16,0.4946994185447693,0.3470621705055237,0.45982247591018677,0.38486650586128235,0.5164077281951904,0.4589459300041199,0.48718318343162537,0.47778642177581787,0.5173910856246948,0.5648816227912903,0.5063789486885071,0.5788417458534241,0.522327184677124,0.5908434391021729,0.5091955065727234,0.6029709577560425,0.5172896385192871,0.5952064990997314,0.5099979639053345,0.6039162278175354,0.5163949728012085,0.5860254764556885,0.5105125904083252,0.5956392884254456,0.5568258762359619,0.5010144710540771,0.5320357084274292,0.5203408002853394,0.5383248329162598,0.659343957901001,0.5164862275123596,0.6640434861183167,0.5352067947387695,0.8222149014472961,0.5276833772659302,0.8212461471557617,0.5446951985359192,0.8510420322418213,0.5373669862747192,0.8475902676582336,0.5016876459121704,0.8521179556846619,0.49507036805152893,0.8519452810287476
17,0.4945151209831238,0.3475331962108612,0.4598202109336853,0.3858639895915985,0.5163794159889221,0.45877036452293396,0.48823052644729614,0.47848108410835266,0.5179890990257263,0.5647385716438293,0.5070210695266724,0.5770385265350342,0.5229967832565308,0.5899394750595093,0.5099868774414062,0.600754976272583,0.517792820930481,0.5937048196792603,0.5105860829353333,0.6012372970581055,0.5168687105178833,0.5848483443260193,0.5110426545143127,0.5930412411689758,0.557547926902771,0.5009604692459106,0.5328394174575806,0.5205332040786743,0.5393204092979431,0.6592852473258972,0.5164717435836792,0.6641016006469727,0.5352018475532532,0.8208690881729126,0.5277718901634216,0.8206525444984436,0.544800877571106,0.8506260514259338,0.5378228425979614,0.8473010659217834,0.5017639398574829,0.8520120978355408,0.49509888887405396,0.8519570827484131
18,0.4944809377193451,0.34757187962532043,0.4597114026546478,0.3861859440803528,0.5164697766304016,0.45867255330085754,0.48833757638931274,0.47831201553344727,0.5182219743728638,0.5645760893821716,0.5073235630989075,0.5760646462440491,0.5230914354324341,0.5895010232925415,0.5101946592330933,0.6003913879394531,0.5174986124038696,0.592771053314209,0.5104809403419495,0.6002529263496399,0.516659677028656,0.5840402245521545,0.5110117197036743,0.5920016169548035,0.5579844117164612,0.5009403824806213,0.5328611731529236,0.520571768283844,0.5399783849716187,0.6590325832366943,0.5156012773513794,0.6638423800468445,0.5351747870445251,0.820422351360321,0.5277713537216187,0.8195772767066956,0.5450355410575867,0.8504114151000977,0.5379946827888489,0.8466611504554749,0.5022560358047485,0.8521047830581665,0.4951518177986145,0.8519738912582397
19,0.49447599053382874,0.34830617904663086,0.459707647562027,0.38607463240623474,0.5185521245002747,0.4585636854171753,0.48822107911109924,0.47565269470214844,0.5180057883262634,0.5623764395713806,0.5069132447242737,0.5695087313652039,0.5223253965377808,0.5869659781455994,0.5095931887626648,0.5930562019348145,0.5167793035507202,0.5894874930381775,0.5099568963050842,0.5904417037963867,0.5161183476448059,0.5813120007514954,0.5108190178871155,0.5826036930084229,0.5582717657089233,0.5009236335754395,0.532899796962738,0.5204761028289795,0.5401045083999634,0.6588508486747742,0.5151402950286865,0.6633239984512329,0.5351871848106384,0.8204078674316406,0.5275774598121643,0.8187755942344666,0.5459309816360474,0.8503726720809937,0.5378512740135193,0.845893919467926,0.5027738809585571,0.8528972268104553,0.4948882460594177,0.8520731329917908
20,0.49453631043434143,0.34905996918678284,0.4591234624385834,0.38543957471847534,0.5220736265182495,0.45831042528152466,0.4882475435733795,0.47145432233810425,0.5177783370018005,0.5591712594032288,0.5066051483154297,0.5626842379570007,0.5210269093513489,0.5825981497764587,0.5092336535453796,0.5841512680053711,0.5151797533035278,0.5825328230857849,0.5083360075950623,0.5817846655845642,0.5150166153907776,0.575004518032074,0.5088754892349243,0.5753832459449768,0.5583149194717407,0.5009539127349854,0.5321287512779236,0.5204192996025085,0.5401784181594849,0.6587833762168884,0.5145811438560486,0.6626533269882202,0.5352840423583984,0.8206567168235779,0.5272749066352844,0.8184105157852173,0.5463346242904663,0.8503556847572327,0.5372600555419922,0.8452303409576416,0.5034613013267517,0.85419100522995,0.4946770668029785,0.852079451084137
21,0.4948122501373291,0.349215567111969,0.45857277512550354,0.38460978865623474,0.5254470109939575,0.45411765575408936,0.4881848692893982,0.46501854062080383,0.5179795026779175,0.5531952381134033,0.5044873952865601,0.553371012210846,0.5201336145401001,0.5753135085105896,0.5089300870895386,0.5730049014091492,0.5139383673667908,0.5730927586555481,0.5061010718345642,0.5694045424461365,0.5142464637756348,0.5663226842880249,0.5071306228637695,0.5644289255142212,0.5584201812744141,0.5012805461883545,0.5313529372215271,0.5203341841697693,0.5402201414108276,0.6587887406349182,0.5145063400268555,0.6625654697418213,0.5353143811225891,0.8210527300834656,0.5268896818161011,0.8179898858070374,0.5466119050979614,0.8503593802452087,0.5367919206619263,0.8445881009101868,0.5039572715759277,0.855619490146637,0.4943353235721588,0.8520925045013428
22,0.49501028656959534,0.3492182493209839,0.4575587213039398,0.38376301527023315,0.5265907049179077,0.4508264362812042,0.4864376485347748,0.4605909287929535,0.5178730487823486,0.548493504524231,0.5013906359672546,0.5426202416419983,0.5189052820205688,0.5703101754188538,0.5081520080566406,0.5651047825813293,0.5125741362571716,0.568027138710022,0.5052181482315063,0.5633229613304138,0.5131148099899292,0.5614005923271179,0.5060164928436279,0.5559976696968079,0.5584976673126221,0.5012619495391846,0.5308960676193237,0.5199620127677917,0.5401846170425415,0.658775269985199,0.5141419768333435,0.6622598171234131,0.5353156328201294,0.8211858868598938,0.5266458988189697,0.817547082901001,0.5467526912689209,0.850334107875824,0.5365741848945618,0.8439484238624573,0.5041071176528931,0.8562078475952148,0.4941093921661377,0.8520336747169495
23,0.4948245882987976,0.3491544723510742,0.4567304253578186,0.38291263580322266,0.527828574180603,0.44732028245925903,0.48565858602523804,0.45932337641716003,0.5178173780441284,0.5450974106788635,0.49920907616615295,0.5369927883148193,0.5178278684616089,0.5669111013412476,0.5068867206573486,0.5604912042617798,0.5116103291511536,0.5648206472396851,0.504372239112854,0.5593148469924927,0.5121146440505981,0.5581936836242676,0.5056395530700684,0.5528873801231384,0.5584444403648376,0.5012274384498596,0.5305253267288208,0.5193491578102112,0.5401523113250732,0.6585872173309326,0.513525664806366,0.6617305278778076,0.5354077816009521,0.8212070465087891,0.5263684988021851,0.8169301748275757,0.547249436378479,0.8503112196922302,0.5362937450408936,0.843440055847168,0.504586398601532,0.8565219640731812,0.4938620626926422,0.8518242239952087
24,0.4942626357078552,0.3493055999279022,0.4560784697532654,0.3825887441635132,0.5284603238105774,0.44713059067726135,0.4850589632987976,0.4601278007030487,0.5178517699241638,0.5437756180763245,0.49524006247520447,0.527564525604248,0.5178202390670776,0.5654266476631165,0.5027143359184265,0.5496249198913574,0.5116299390792847,0.563578188419342,0.5025318264961243,0.55082106590271,0.5121094584465027,0.5569251775741577,0.5040785074234009,0.5453035831451416,0.5584030151367188,0.5012239813804626,0.5304239988327026,0.5187912583351135,0.5400599837303162,0.6585280895233154,0.5129460096359253,0.661389946937561,0.5354104042053223,0.8212143182754517,0.525853157043457,0.816173791885376,0.5475678443908691,0.8502891063690186,0.5354787111282349,0.8429363369941711,0.5051167607307434,0.8568891882896423,0.4933202266693115,0.8515620827674866
25,0.49367284774780273,0.35004523396492004,0.4555336833000183,0.3830377459526062,0.5285796523094177,0.44690826535224915,0.48297467827796936,0.4611934721469879,0.5180234313011169,0.5425236821174622,0.4906223714351654,0.5218044519424438,0.5180748701095581,0.564345121383667,0.492615282535553,0.5361997485160828,0.5119524598121643,0.5629640817642212,0.4951477646827698,0.5396977066993713,0.5122458338737488,0.5563245415687561,0.4966610074043274,0.5368787050247192,0.5582078695297241,0.5014434456825256,0.5300058126449585,0.5189077854156494,0.5395967364311218,0.6584154367446899,0.5127546191215515,0.6613643169403076,0.535327672958374,0.8210182189941406,0.5257142782211304,0.8158767223358154,0.5476566553115845,0.8502609729766846,0.5354688167572021,0.8429175019264221,0.5051130056381226,0.8568003177642822,0.49321526288986206,0.8513988256454468
26,0.49297720193862915,0.350229948759079,0.45500779151916504,0.3843957185745239,0.5279930233955383,0.4471484124660492,0.4829963743686676,0.46801233291625977,0.5180047154426575,0.5433183908462524,0.4926418662071228,0.5293331146240234,0.5183380246162415,0.5652005076408386,0.5022521018981934,0.5462576746940613,0.5125951766967773,0.5641842484474182,0.5012522339820862,0.5473895072937012,0.5126215219497681,0.5574861168861389,0.5005714297294617,0.544524610042572,0.5578425526618958,0.5013655424118042,0.5293533802032471,0.5188921689987183,0.5394921898841858,0.6579468250274658,0.5126180052757263,0.6613446474075317,0.5350812077522278,0.8207334876060486,0.5257182717323303,0.8158276081085205,0.5476495623588562,0.8502061367034912,0.5355966091156006,0.8429391384124756,0.5050960779190063,0.8565294146537781,0.49323534965515137,0.851334810256958
27,0.49274739623069763,0.3520463705062866,0.454826295375824,0.38621988892555237,0.5275751352310181,0.44731828570365906,0.4843565821647644,0.47306010127067566,0.5179372429847717,0.543778121471405,0.5016776323318481,0.536408543586731,0.518332839012146,0.5654852986335754,0.5073661804199219,0.5501821041107178,0.5126917958259583,0.5645580887794495,0.5057245492935181,0.5489902496337891,0.5126560926437378,0.5578141808509827,0.5052733421325684,0.5481326580047607,0.5576750636100769,0.5014118552207947,0.5283011794090271,0.5188745260238647,0.5394796133041382,0.657808244228363,0.5125054717063904,0.6613709926605225,0.5350499153137207,0.820548951625824,0.5258058309555054,0.8156831860542297,0.5476508736610413,0.8501632809638977,0.5361911058425903,0.8429515361785889,0.5051295161247253,0.8564983010292053,0.4935230314731598,0.85113924741745
28,0.4919636845588684,0.3526375889778137,0.4546533524990082,0.3880056142807007,0.5272367000579834,0.4474468231201172,0.48477792739868164,0.4715944528579712,0.5174644589424133,0.5439557433128357,0.5074306726455688,0.5392191410064697,0.5179873704910278,0.5654991865158081,0.5096902251243591,0.5534780025482178,0.5125880241394043,0.5647090673446655,0.5081039071083069,0.5501735806465149,0.5125135779380798,0.5579624176025391,0.5086134076118469,0.5485541820526123,0.5575734376907349,0.5015284419059753,0.5279492139816284,0.518871545791626,0.5394694209098816,0.6577866077423096,0.5122751593589783,0.6613800525665283,0.5350189805030823,0.8205135464668274,0.5257787704467773,0.8156874179840088,0.5476641654968262,0.8501636981964111,0.5362008810043335,0.843013346195221,0.5051117539405823,0.856558084487915,0.4933773875236511,0.8511502742767334
29,0.49158844351768494,0.3559824526309967,0.4545503258705139,0.3883347809314728,0.5270162224769592,0.45000743865966797,0.48622339963912964,0.4754634201526642,0.5167838931083679,0.5441272854804993,0.5085039138793945,0.5400927066802979,0.5166849493980408,0.565232515335083,0.5102683901786804,0.5553755760192871,0.5115002393722534,0.5638973712921143,0.5088726878166199,0.553770124912262,0.5116464495658875,0.5573633909225464,0.5085738897323608,0.5507444739341736,0.5575829148292542,0.5019479990005493,0.5279967784881592,0.5187236070632935,0.539465606212616,0.6580493450164795,0.5122720003128052,0.661365270614624,0.5350214242935181,0.820690929889679,0.5256789922714233,0.8157256841659546,0.5478301048278809,0.8503572940826416,0.5361717343330383,0.8431758880615234,0.5051507949829102,0.8568262457847595,0.4933777451515198,0.851149320602417
30,0.49159663915634155,0.3572220802307129,0.4543519914150238,0.3901021182537079,0.5277402997016907,0.452782541513443,0.4859392046928406,0.477129191160202,0.5152175426483154,0.5440900325775146,0.5052699446678162,0.5338599681854248,0.5141845345497131,0.5644550323486328,0.5074260830879211,0.5547989010810852,0.5089676976203918,0.5618197917938232,0.5068321228027344,0.5538292527198792,0.509482204914093,0.5551575422286987,0.5055935382843018,0.5451786518096924,0.5579406023025513,0.5039974451065063,0.5285307168960571,0.5191428661346436,0.5394287705421448,0.6587591767311096,0.5119917988777161,0.6613284945487976,0.5351262092590332,0.8217484951019287,0.5255189538002014,0.8161430358886719,0.5483406782150269,0.8509559631347656,0.5360819101333618,0.8439236283302307,0.505409300327301,0.8583257794380188,0.49334031343460083,0.8520116806030273
31,0.491645872592926,0.3585520088672638,0.4537861943244934,0.3915821313858032,0.5293174982070923,0.45298290252685547,0.4865768849849701,0.4785170555114746,0.513889729976654,0.5422927737236023,0.5050604343414307,0.5345031023025513,0.5106839537620544,0.5601425766944885,0.5068725347518921,0.5556715130805969,0.5050736665725708,0.555686354637146,0.5043243765830994,0.552079439163208,0.5065318942070007,0.5496149063110352,0.5053479671478271,0.5452603697776794,0.5579761862754822,0.5054852962493896,0.5285208225250244,0.5198820233345032,0.5395299196243286,0.6588379144668579,0.5108546614646912,0.6603003144264221,0.5353929996490479,0.8222182989120483,0.5255006551742554,0.8163984417915344,0.5488694310188293,0.8514708876609802,0.5364325046539307,0.8442105650901794,0.5054658055305481,0.8586904406547546,0.49334797263145447,0.8521990180015564
32,0.49221882224082947,0.35858824849128723,0.45255452394485474,0.39359647035598755,0.5309789776802063,0.45302483439445496,0.4851076006889343,0.4870215356349945,0.5128015279769897,0.5394797921180725,0.5058945417404175,0.5365108251571655,0.5076673030853271,0.5546405911445618,0.5073153376579285,0.556323766708374,0.5012489557266235,0.5484678745269775,0.504238486289978,0.5520431399345398,0.5031611323356628,0.5432219505310059,0.5053161978721619,0.5460862517356873,0.5577324628829956,0.5061736702919006,0.5262167453765869,0.5202954411506653,0.539070188999176,0.6587169766426086,0.5086424350738525,0.6592099666595459,0.5357464551925659,0.8221580386161804,0.5256794095039368,0.8167145252227783,0.5492165684700012,0.851467490196228,0.5373634099960327,0.844736635684967,0.5054792165756226,0.8586635589599609,0.49342450499534607,0.8525234460830688
33,0.49166351556777954,0.35911792516708374,0.45198336243629456,0.3932092487812042,0.5306423902511597,0.4530559778213501,0.4869510233402252,0.48540422320365906,0.5125029683113098,0.5344603061676025,0.5063266158103943,0.5366706252098083,0.5075342059135437,0.5484513640403748,0.5072554349899292,0.5527058243751526,0.5007609724998474,0.541602373123169,0.504500687122345,0.5493653416633606,0.50290447473526,0.5366042852401733,0.505061686038971,0.5419489145278931,0.557371199131012,0.5065335631370544,0.5262531638145447,0.5201734900474548,0.5387471914291382,0.6587219834327698,0.507773756980896,0.6591258645057678,0.5360305905342102,0.8221991062164307,0.5254819989204407,0.816719651222229,0.5496292114257812,0.8516001105308533,0.5374022722244263,0.8447878360748291,0.5055111646652222,0.8587862253189087,0.49334612488746643,0.8525211811065674
34,0.4900580048561096,0.36017918586730957,0.4515586793422699,0.39263153076171875,0.5302416086196899,0.45563632249832153,0.48953336477279663,0.4841921627521515,0.5090850591659546,0.5305590033531189,0.5061386227607727,0.5280585289001465,0.5031052231788635,0.5432671308517456,0.5074185132980347,0.5492554306983948,0.4964631497859955,0.5347775816917419,0.5045031309127808,0.5414688587188721,0.498335599899292,0.5302972197532654,0.5059211850166321,0.5340937376022339,0.556951642036438,0.5064280033111572,0.5263408422470093,0.520009458065033,0.5381751656532288,0.6584635376930237,0.5070741772651672,0.65871661901474,0.536087155342102,0.8221943378448486,0.5255531668663025,0.8168314099311829,0.5499551296234131,0.8515816330909729,0.538559079170227,0.844845175743103,0.5055076479911804,0.8587636351585388,0.4936376214027405,0.8524307012557983
35,0.487579345703125,0.3611471951007843,0.4514384865760803,0.39020025730133057,0.5297077894210815,0.4563608169555664,0.49186834692955017,0.48359623551368713,0.5073703527450562,0.5284144878387451,0.5090364217758179,0.5281922817230225,0.500816285610199,0.5413423180580139,0.5091530084609985,0.5474026203155518,0.49445033073425293,0.5327830910682678,0.5086155533790588,0.5425111055374146,0.4964990019798279,0.5283575654029846,0.5099961161613464,0.5342645049095154,0.5565232038497925,0.5062308311462402,0.5264395475387573,0.5195983648300171,0.5378086566925049,0.6584383845329285,0.5052269697189331,0.6580878496170044,0.536277711391449,0.822109043598175,0.5251939296722412,0.8168065547943115,0.5502720475196838,0.8514887094497681,0.538567066192627,0.8448390364646912,0.5056134462356567,0.8587697744369507,0.4936280846595764,0.852345883846283
36,0.485822856426239,0.3613456189632416,0.4502927362918854,0.38708174228668213,0.5285323262214661,0.45632264018058777,0.48625460267066956,0.4832043945789337,0.5046295523643494,0.5271837115287781,0.5084011554718018,0.5285425186157227,0.4994761347770691,0.540891706943512,0.507158637046814,0.545900821685791,0.49305492639541626,0.533601701259613,0.5072430372238159,0.5419773459434509,0.4949532151222229,0.5283787846565247,0.5096095204353333,0.5345737338066101,0.5559390783309937,0.50551438331604,0.5260061025619507,0.5178970098495483,0.5376220941543579,0.6580770015716553,0.5038161873817444,0.6559968590736389,0.536284327507019,0.8218590021133423,0.5247162580490112,0.8164739608764648,0.5502640008926392,0.8512585163116455,0.5385456085205078,0.8448410630226135,0.5053736567497253,0.8587356805801392,0.49333515763282776,0.8522688150405884
37,0.482489675283432,0.3611406087875366,0.4498257040977478,0.38464033603668213,0.5251317620277405,0.45411691069602966,0.48809710144996643,0.4799835979938507,0.5028959512710571,0.526411235332489,0.5111473798751831,0.5251829624176025,0.4998788833618164,0.5420024991035461,0.5082545280456543,0.5455191731452942,0.4936511516571045,0.5359274744987488,0.5084729194641113,0.542011559009552,0.494863361120224,0.5300803184509277,0.5138541460037231,0.5308983325958252,0.5543393492698669,0.5029420256614685,0.5256693959236145,0.5164178609848022,0.5368926525115967,0.6566901803016663,0.5028326511383057,0.6542583703994751,0.5360422730445862,0.8203144669532776,0.5236483216285706,0.8149299621582031,0.5501561164855957,0.8503952026367188,0.5385112762451172,0.8448103070259094,0.5046047568321228,0.8569740653038025,0.49269795417785645,0.8511553406715393
38,0.47992047667503357,0.36088982224464417,0.44979947805404663,0.3811386823654175,0.522540807723999,0.45134150981903076,0.49390721321105957,0.47575053572654724,0.5041910409927368,0.5268453359603882,0.5126195549964905,0.5247794985771179,0.50066739320755,0.5434970259666443,0.5094972848892212,0.5437798500061035,0.49464768171310425,0.5376346111297607,0.5100323557853699,0.5414722561836243,0.4961267113685608,0.5318658351898193,0.514207124710083,0.5316643118858337,0.553040623664856,0.501004159450531,0.525716245174408,0.5148895978927612,0.5356875658035278,0.6565092206001282,0.502003014087677,0.654336154460907,0.536057710647583,0.8193937540054321,0.519955575466156,0.8145942091941833,0.5501368641853333,0.8500215411186218,0.5355237722396851,0.8450307846069336,0.5048514008522034,0.8566766977310181,0.4885946214199066,0.8509759902954102
39,0.47784313559532166,0.36024075746536255,0.4490118622779846,0.37842491269111633,0.5182276368141174,0.44856593012809753,0.4935376048088074,0.472658634185791,0.5046860575675964,0.5273951292037964,0.5120319128036499,0.5250020623207092,0.5029998421669006,0.5439631342887878,0.5093674063682556,0.5426722168922424,0.4985125958919525,0.5382154583930969,0.5078996419906616,0.5411026477813721,0.49794840812683105,0.5328349471092224,0.5112591981887817,0.5317920446395874,0.5513432025909424,0.4998580813407898,0.5253728628158569,0.5138831734657288,0.5336317420005798,0.6564849019050598,0.501714289188385,0.6544633507728577,0.5360963344573975,0.819414496421814,0.5150583982467651,0.8146101236343384,0.5501302480697632,0.8504820466041565,0.5266607999801636,0.850136935710907,0.5056248903274536,0.8568994998931885,0.4829432964324951,0.8509255051612854
40,0.4756532311439514,0.35910525918006897,0.44864487648010254,0.3777201473712921,0.514552652835846,0.4437427222728729,0.49012893438339233,0.4678458869457245,0.5048182010650635,0.5258515477180481,0.5091299414634705,0.5205175280570984,0.503070592880249,0.5443641543388367,0.5081033110618591,0.5368380546569824,0.4992319941520691,0.5387370586395264,0.5075703859329224,0.535214900970459,0.49835333228111267,0.5330200791358948,0.5100756287574768,0.5281124711036682,0.5493288636207581,0.4995499551296234,0.5252881050109863,0.5139612555503845,0.5312729477882385,0.6565328240394592,0.5021163821220398,0.6553084850311279,0.5356952548027039,0.8192310333251953,0.5139447450637817,0.8146922588348389,0.5498157739639282,0.8505458235740662,0.5267863869667053,0.8516262173652649,0.5052818059921265,0.8562617897987366,0.48060283064842224,0.8510017395019531
41,0.47488051652908325,0.3584117591381073,0.44742536544799805,0.37811267375946045,0.5126860737800598,0.44400566816329956,0.48731154203414917,0.467549592256546,0.5042465925216675,0.5260124802589417,0.5069553256034851,0.5207661986351013,0.5033506751060486,0.5448801517486572,0.5056954622268677,0.5360817909240723,0.4992241859436035,0.5393825769424438,0.5059365034103394,0.5352919101715088,0.4986730217933655,0.5335196256637573,0.5089498162269592,0.5287625789642334,0.5474136471748352,0.49911925196647644,0.5246896147727966,0.5139244794845581,0.5283316373825073,0.6561557650566101,0.5015963315963745,0.6563094854354858,0.5354033708572388,0.8190287947654724,0.5137253403663635,0.8147569894790649,0.5497359037399292,0.8504753708839417,0.5265487432479858,0.851283848285675,0.5054843425750732,0.8562084436416626,0.48164230585098267,0.851009726524353
42,0.4754725992679596,0.3579396605491638,0.4454924464225769,0.38108521699905396,0.5122928023338318,0.44442224502563477,0.4826522469520569,0.46818456053733826,0.49790486693382263,0.5263830423355103,0.5023476481437683,0.5216391086578369,0.49533611536026,0.5445802211761475,0.49943098425865173,0.537419319152832,0.489774227142334,0.5397317409515381,0.5048148036003113,0.5359715819358826,0.4913803040981293,0.5338844060897827,0.5049870014190674,0.5292870998382568,0.546272337436676,0.4987770915031433,0.5230178236961365,0.5139390826225281,0.5251948833465576,0.6560403108596802,0.5005976557731628,0.6570267081260681,0.5347482562065125,0.8192046880722046,0.512687087059021,0.8147754073143005,0.549133837223053,0.8504999279975891,0.526938796043396,0.8503188490867615,0.5055638551712036,0.8563759326934814,0.48169979453086853,0.8510072231292725
43,0.475802481174469,0.3571317493915558,0.444141685962677,0.38567444682121277,0.5111502408981323,0.4481460750102997,0.4723276197910309,0.472077876329422,0.48827704787254333,0.5260956287384033,0.47784262895584106,0.5218166708946228,0.4833468496799469,0.542590856552124,0.4766947329044342,0.5381335020065308,0.4780738353729248,0.5374696254730225,0.47450608015060425,0.5352085828781128,0.48052048683166504,0.5313254594802856,0.47523874044418335,0.5298347473144531,0.5444657802581787,0.49950921535491943,0.5199956893920898,0.5152847766876221,0.5191370844841003,0.6563476920127869,0.49880772829055786,0.657461404800415,0.532411515712738,0.8192521929740906,0.511614203453064,0.8139835000038147,0.5476000905036926,0.8500970602035522,0.5274918675422668,0.8427507281303406,0.5050978660583496,0.8567448258399963,0.48152628540992737,0.8507919907569885
44,0.4760475754737854,0.3556722402572632,0.444009393453598,0.38759639859199524,0.5067737698554993,0.4548710584640503,0.47483187913894653,0.47064363956451416,0.47614675760269165,0.5207763314247131,0.4669122099876404,0.5214753150939941,0.47189807891845703,0.5344026684761047,0.46600160002708435,0.5341045260429382,0.4650651812553406,0.5271487832069397,0.46298083662986755,0.5287333130836487,0.4670434892177582,0.522766649723053,0.4652577042579651,0.52450031042099,0.5431004762649536,0.49991941452026367,0.5180233120918274,0.5152934789657593,0.5124015808105469,0.6546321511268616,0.49624261260032654,0.6551790237426758,0.5295189619064331,0.8192628622055054,0.5107828974723816,0.809590756893158,0.5446547865867615,0.848298966884613,0.5246601700782776,0.8354419469833374,0.5044973492622375,0.8582191467285156,0.4820617139339447,0.8498251438140869
45,0.4757075905799866,0.3537499010562897,0.4430789351463318,0.3873973786830902,0.49953070282936096,0.4661049544811249,0.4588940739631653,0.4744909107685089,0.46144384145736694,0.51146399974823,0.4562905430793762,0.5158872604370117,0.4536782205104828,0.5234631896018982,0.4541413187980652,0.5256459712982178,0.44869962334632874,0.5128166079521179,0.4523068964481354,0.5160979628562927,0.45126596093177795,0.5078344941139221,0.45297127962112427,0.5135696530342102,0.5425615906715393,0.4995317757129669,0.5161983370780945,0.5131954550743103,0.5080758333206177,0.6504596471786499,0.4935341775417328,0.6517971158027649,0.5267375707626343,0.8189364075660706,0.5095206499099731,0.8076255917549133,0.5420404672622681,0.84539395570755,0.525409996509552,0.8273195028305054,0.5031206011772156,0.8599881529808044,0.4821803569793701,0.8490864038467407
46,0.4749143123626709,0.35198602080345154,0.44306889176368713,0.3851446211338043,0.49264636635780334,0.46888211369514465,0.4512850344181061,0.4762651324272156,0.45028653740882874,0.4989505708217621,0.4477596879005432,0.4988027513027191,0.4416055679321289,0.5117623805999756,0.44384831190109253,0.5101166367530823,0.4381902813911438,0.5002506375312805,0.4422362744808197,0.4954276382923126,0.4411827027797699,0.49507617950439453,0.44300904870033264,0.4939674437046051,0.5428236722946167,0.4996401071548462,0.5145909190177917,0.5102257132530212,0.5057932138442993,0.6501504182815552,0.49337238073349,0.6496337652206421,0.5228984951972961,0.8184519410133362,0.5072169303894043,0.8025767803192139,0.5384848117828369,0.8439083099365234,0.5102364420890808,0.8071182370185852,0.498889297246933,0.8604804873466492,0.47627323865890503,0.8427870273590088
47,0.47170549631118774,0.35056614875793457,0.4433135390281677,0.38139772415161133,0.48564067482948303,0.4731411635875702,0.4511391222476959,0.4805891215801239,0.43818777799606323,0.4910217523574829,0.4359773099422455,0.49272421002388,0.4289173483848572,0.4942837655544281,0.4276305139064789,0.49465158581733704,0.4254295229911804,0.48298928141593933,0.4248740077018738,0.48471498489379883,0.4290914535522461,0.48104798793792725,0.42882513999938965,0.48365381360054016,0.5428961515426636,0.49962469935417175,0.515285849571228,0.5077462196350098,0.5036019682884216,0.6492812037467957,0.4933931231498718,0.6458475589752197,0.5205371379852295,0.8184623122215271,0.5072119235992432,0.8029904961585999,0.5353549718856812,0.8440020084381104,0.509293794631958,0.8089041113853455,0.494948148727417,0.8606693148612976,0.475120484828949,0.8413450717926025
48,0.4713349938392639,0.3494894802570343,0.44315990805625916,0.38127508759498596,0.48050040006637573,0.4704511761665344,0.4382050037384033,0.4807318449020386,0.42982950806617737,0.47199738025665283,0.3964986801147461,0.49332332611083984,0.4177749752998352,0.4756454527378082,0.3855926990509033,0.49733179807662964,0.4150535464286804,0.46462228894233704,0.37532421946525574,0.48295918107032776,0.4199639856815338,0.4624643325805664,0.38438498973846436,0.4875348210334778,0.5427618622779846,0.4997994303703308,0.5156542062759399,0.5066455006599426,0.5046355128288269,0.6495884656906128,0.4920915961265564,0.6386450529098511,0.5171188712120056,0.8193872570991516,0.45445966720581055,0.742091715335846,0.5284034609794617,0.8459983468055725,0.4598887860774994,0.7665179967880249,0.48419103026390076,0.858859658241272,0.4163079857826233,0.7595640420913696
49,0.4685370922088623,0.349617600440979,0.442067950963974,0.3787418603897095,0.46715959906578064,0.46956339478492737,0.4297413229942322,0.47298625111579895,0.41486015915870667,0.4585127830505371,0.3815111219882965,0.48609045147895813,0.40447258949279785,0.4610992670059204,0.3583577573299408,0.49166515469551086,0.401908814907074,0.4484424293041229,0.3513234257698059,0.4809538722038269,0.4065687656402588,0.447596937417984,0.35396862030029297,0.48418867588043213,0.5427398085594177,0.500274121761322,0.5160888433456421,0.5061960816383362,0.5064922571182251,0.649807333946228,0.49293017387390137,0.6410018801689148,0.5127660036087036,0.8231627941131592,0.48623594641685486,0.781929075717926,0.5220325589179993,0.8507912158966064,0.4905449450016022,0.8131477236747742,0.4759950637817383,0.8553687930107117,0.4438767433166504,0.7896753549575806
50,0.4660796523094177,0.3478130102157593,0.44166359305381775,0.37513744831085205,0.45837968587875366,0.4537212550640106,0.4353269636631012,0.46244046092033386,0.4050082266330719,0.44007909297943115,0.40091472864151,0.45578110218048096,0.3953514099121094,0.44018828868865967,0.3861711919307709,0.4612412452697754,0.39304932951927185,0.4308174252510071,0.3819810748100281,0.4532327950000763,0.3973195552825928,0.43035393953323364,0.3852188289165497,0.4540552794933319,0.5428372025489807,0.5007684826850891,0.5162222981452942,0.5058742165565491,0.5083154439926147,0.6499612331390381,0.4949161410331726,0.6412710547447205,0.5105060935020447,0.8236678838729858,0.49683070182800293,0.8021402359008789,0.5185765624046326,0.8510873913764954,0.502983033657074,0.8336377739906311,0.47432881593704224,0.8528292179107666,0.4571484625339508,0.8115617632865906
51,0.46409860253334045,0.34762051701545715,0.44118422269821167,0.3707967698574066,0.4441874623298645,0.4524693787097931,0.435335248708725,0.4515068829059601,0.3986125886440277,0.4307895004749298,0.40408220887184143,0.4440273344516754,0.38707441091537476,0.424967497587204,0.3919955790042877,0.4672525227069855,0.3854113221168518,0.41651079058647156,0.3885396718978882,0.46161821484565735,0.3903895318508148,0.41672661900520325,0.39245715737342834,0.4615711271762848,0.542902946472168,0.5014787912368774,0.515714704990387,0.5059495568275452,0.5093058943748474,0.6500669717788696,0.49680066108703613,0.6416893005371094,0.5087810754776001,0.8254517912864685,0.499551385641098,0.8131092190742493,0.5170695185661316,0.8526886105537415,0.5069836378097534,0.842677891254425,0.47402793169021606,0.8523520827293396,0.46383699774742126,0.8273642063140869
52,0.4612528383731842,0.349285751581192,0.44147437810897827,0.36809757351875305,0.43258851766586304,0.4523887634277344,0.4273719787597656,0.4513188600540161,0.38032323122024536,0.4349328279495239,0.3824019432067871,0.46287763118743896,0.3660963773727417,0.4249224364757538,0.35522374510765076,0.47471883893013,0.36780160665512085,0.4084797203540802,0.3489851653575897,0.4684443473815918,0.3755311369895935,0.40788766741752625,0.3505232036113739,0.46898511052131653,0.5427245497703552,0.5023410320281982,0.5157815217971802,0.5055138468742371,0.5099071264266968,0.6532836556434631,0.49767008423805237,0.6438714265823364,0.5086778402328491,0.827749490737915,0.5005716681480408,0.8144670724868774,0.517693817615509,0.8533275723457336,0.5095099210739136,0.8424620032310486,0.4752212464809418,0.8545907735824585,0.46871137619018555,0.8391634225845337
53,0.456997811794281,0.35370147228240967,0.4435702860355377,0.3621480464935303,0.4312216341495514,0.45724648237228394,0.4330595135688782,0.45042121410369873,0.3805413842201233,0.44082003831863403,0.39756882190704346,0.4646640717983246,0.3691956400871277,0.43348923325538635,0.3858763873577118,0.4692870080471039,0.36913740634918213,0.4142720103263855,0.3809029459953308,0.4643663465976715,0.3752109110355377,0.41088810563087463,0.38371628522872925,0.4652334153652191,0.5424589514732361,0.5030600428581238,0.5157409906387329,0.5054045915603638,0.5102696418762207,0.6562467217445374,0.4973077178001404,0.6441164016723633,0.5089794397354126,0.8282565474510193,0.5013250112533569,0.8148878216743469,0.5181719660758972,0.8533956408500671,0.5108388662338257,0.842212438583374,0.4759346544742584,0.8566828370094299,0.4715416431427002,0.8450655341148376
54,0.4584735929965973,0.3538537323474884,0.4405447840690613,0.36228421330451965,0.43871641159057617,0.45734989643096924,0.43545132875442505,0.4528055191040039,0.3978899121284485,0.439151406288147,0.40728870034217834,0.43868228793144226,0.3867572844028473,0.43758058547973633,0.4027831554412842,0.45803549885749817,0.3863561153411865,0.42252543568611145,0.3853437602519989,0.43147972226142883,0.3916047215461731,0.42027902603149414,0.4069501459598541,0.45122191309928894,0.5421133637428284,0.503086268901825,0.5135360956192017,0.5053934454917908,0.5106853246688843,0.6572105884552002,0.4939954876899719,0.6443786025047302,0.5092921257019043,0.8284145593643188,0.5015721917152405,0.8152238726615906,0.5187872052192688,0.8534175753593445,0.5119999051094055,0.8424196243286133,0.47709065675735474,0.858011782169342,0.47366470098495483,0.8486884832382202
55,0.4591634273529053,0.3532714247703552,0.4379850924015045,0.363593190908432,0.44380053877830505,0.45695069432258606,0.4463884234428406,0.4543314278125763,0.40114355087280273,0.4517655074596405,0.44197899103164673,0.44098129868507385,0.39046990871429443,0.45536863803863525,0.44314679503440857,0.467325896024704,0.3887001872062683,0.4409804344177246,0.43940019607543945,0.44325655698776245,0.3934222161769867,0.4409320652484894,0.44175878167152405,0.46025705337524414,0.541090726852417,0.5032272934913635,0.5116064548492432,0.5054565668106079,0.5107351541519165,0.6577544808387756,0.4919743537902832,0.6500477194786072,0.5095077753067017,0.8287225961685181,0.5020103454589844,0.81655353307724,0.5187551379203796,0.8542061448097229,0.5126162171363831,0.8436818718910217,0.4777119755744934,0.858371376991272,0.47455286979675293,0.8500882983207703
56,0.45788460969924927,0.3476332426071167,0.43227308988571167,0.3683479428291321,0.44825640320777893,0.45666882395744324,0.45199862122535706,0.46783867478370667,0.40594229102134705,0.4840082824230194,0.4492863118648529,0.4873276948928833,0.3957851827144623,0.4914732277393341,0.450019896030426,0.5008968710899353,0.3936864733695984,0.4808168411254883,0.4458869397640228,0.488265722990036,0.3980892300605774,0.47804775834083557,0.4464443624019623,0.48572084307670593,0.5388194918632507,0.5021563768386841,0.5071848630905151,0.5073302388191223,0.5115503072738647,0.6581334471702576,0.4893565773963928,0.6522656083106995,0.5098728537559509,0.8287467360496521,0.5023797750473022,0.8168001770973206,0.5189663171768188,0.8541131615638733,0.5130566358566284,0.8431367874145508,0.47851186990737915,0.858825147151947,0.4754014015197754,0.8518214821815491
57,0.4588206708431244,0.338099867105484,0.428475558757782,0.38248589634895325,0.4490690231323242,0.4554862082004547,0.4315229058265686,0.49366456270217896,0.41552478075027466,0.5159533023834229,0.3906715512275696,0.5247522592544556,0.40979713201522827,0.5319887399673462,0.3863464891910553,0.5344097018241882,0.4041362404823303,0.5255604386329651,0.3655298352241516,0.5265054106712341,0.40626367926597595,0.5201415419578552,0.3740205764770508,0.522099494934082,0.5366761684417725,0.5006080269813538,0.5039438009262085,0.5116148591041565,0.511661171913147,0.656990110874176,0.4865221083164215,0.6548407077789307,0.5099610090255737,0.8284946084022522,0.5028563737869263,0.8165467977523804,0.5192891955375671,0.8525562882423401,0.5141004323959351,0.8426719903945923,0.479000985622406,0.8600490689277649,0.4763046205043793,0.8532151579856873
58,0.4594201445579529,0.3304850459098816,0.42497149109840393,0.3884876072406769,0.45678311586380005,0.45599308609962463,0.43010419607162476,0.49606019258499146,0.4306710362434387,0.5398908853530884,0.4043048322200775,0.5553329586982727,0.425807386636734,0.5660597681999207,0.3972530663013458,0.5742245316505432,0.4205043315887451,0.5631910562515259,0.369986355304718,0.5684362053871155,0.4224429726600647,0.5527974367141724,0.37697798013687134,0.5602704286575317,0.5355387926101685,0.4981740713119507,0.5019098520278931,0.513944685459137,0.510923445224762,0.65652996301651,0.4860372543334961,0.6566457748413086,0.5102406740188599,0.8274856209754944,0.5036090016365051,0.8160016536712646,0.5197945833206177,0.8518974781036377,0.5151686668395996,0.8420820236206055,0.4791090488433838,0.8604611754417419,0.4764506220817566,0.8549426794052124
59,0.4597337245941162,0.31854093074798584,0.42224040627479553,0.39053308963775635,0.46107402443885803,0.45599958300590515,0.4487839639186859,0.48963212966918945,0.4514201283454895,0.5445193648338318,0.44839420914649963,0.5637653470039368,0.4507085680961609,0.5718327164649963,0.4479239583015442,0.5911195874214172,0.4475284516811371,0.5705611705780029,0.4434201717376709,0.5894745588302612,0.4486519694328308,0.5617961287498474,0.44464612007141113,0.5799185633659363,0.532236635684967,0.4939573407173157,0.5013449192047119,0.5143090486526489,0.5089060664176941,0.6563084721565247,0.4865928590297699,0.6572755575180054,0.5102099180221558,0.8269310593605042,0.5045568943023682,0.8168483376502991,0.5198552012443542,0.8513469099998474,0.5160385370254517,0.8429496884346008,0.47935691475868225,0.860843300819397,0.4768339693546295,0.8572038412094116
60,0.4595296382904053,0.3051895499229431,0.41926711797714233,0.38835152983665466,0.4710319936275482,0.41532161831855774,0.4433847963809967,0.48266103863716125,0.4608185291290283,0.5239356756210327,0.4519895017147064,0.5423946976661682,0.4636598527431488,0.5452420711517334,0.45914697647094727,0.5642058849334717,0.4593049883842468,0.5428058505058289,0.4577999711036682,0.5581364035606384,0.45830830931663513,0.5339709520339966,0.4561808705329895,0.5505409240722656,0.527728259563446,0.4880323112010956,0.4983871579170227,0.5122586488723755,0.5046032667160034,0.6547084450721741,0.4872550070285797,0.6562448143959045,0.5097566843032837,0.8273847103118896,0.5045710802078247,0.8167658448219299,0.5191683173179626,0.8523170351982117,0.5154017210006714,0.8437941074371338,0.47868862748146057,0.8630456328392029,0.4758089482784271,0.8578076958656311
61,0.45586341619491577,0.2826903760433197,0.41324377059936523,0.3769393861293793,0.4891141355037689,0.36338990926742554,0.4276036322116852,0.46066224575042725,0.46622639894485474,0.46700093150138855,0.44787469506263733,0.5031837224960327,0.4654196798801422,0.4988348186016083,0.45471063256263733,0.5138936638832092,0.45839419960975647,0.49703267216682434,0.4536178708076477,0.5025926232337952,0.45764365792274475,0.48730793595314026,0.4516054093837738,0.496290385723114,0.5242609977722168,0.48005199432373047,0.4954490065574646,0.502087414264679,0.49943995475769043,0.6532419919967651,0.48247748613357544,0.6558295488357544,0.5093279480934143,0.8267942070960999,0.5045729875564575,0.8165904879570007,0.5191152095794678,0.8525543212890625,0.515398383140564,0.8434953093528748,0.47878462076187134,0.8663152456283569,0.4754568934440613,0.8597190976142883
62,0.4551381468772888,0.26490360498428345,0.4092114567756653,0.3620547950267792,0.4968215525150299,0.33069804310798645,0.41495099663734436,0.4349391758441925,0.46200698614120483,0.40287449955940247,0.42018669843673706,0.43200767040252686,0.45804065465927124,0.42850226163864136,0.4243302345275879,0.43404868245124817,0.44885286688804626,0.42209485173225403,0.4284660220146179,0.4205646514892578,0.449751079082489,0.41525107622146606,0.42889872193336487,0.4194414019584656,0.5195332765579224,0.47338104248046875,0.48407840728759766,0.49735939502716064,0.4995637834072113,0.6455035209655762,0.4708400368690491,0.6540456414222717,0.5085235834121704,0.8228418231010437,0.5023036599159241,0.813035786151886,0.5188202261924744,0.8499667644500732,0.5137460231781006,0.8413264751434326,0.4801599383354187,0.8670680522918701,0.4752630293369293,0.8604167699813843
63,0.4558609127998352,0.2536383867263794,0.40875038504600525,0.33755257725715637,0.5010613203048706,0.31533193588256836,0.399476021528244,0.419097900390625,0.45448818802833557,0.34625640511512756,0.3973948359489441,0.39533331990242004,0.4427633285522461,0.3454841673374176,0.3985106647014618,0.38920652866363525,0.440168559551239,0.3383849859237671,0.40192097425460815,0.3790483772754669,0.44569000601768494,0.3397914469242096,0.40356048941612244,0.3819587826728821,0.5158321261405945,0.46791961789131165,0.48050999641418457,0.4903004467487335,0.49844908714294434,0.6401958465576172,0.46535173058509827,0.6490816473960876,0.5073049068450928,0.8204289078712463,0.5007425546646118,0.8053619861602783,0.5181909799575806,0.8491868376731873,0.5129058361053467,0.8348917365074158,0.48009228706359863,0.8667789101600647,0.47477564215660095,0.8594514727592468
64,0.4562099874019623,0.25004735589027405,0.40441828966140747,0.3194901943206787,0.4923652112483978,0.31771209836006165,0.388721764087677,0.39075136184692383,0.43901148438453674,0.30709031224250793,0.370199590921402,0.3765704929828644,0.42446470260620117,0.293088436126709,0.36655718088150024,0.3753865957260132,0.4248274862766266,0.28283965587615967,0.3713070750236511,0.3654879629611969,0.42866960167884827,0.28755390644073486,0.37458574771881104,0.3668995201587677,0.5106803774833679,0.46903133392333984,0.4735416769981384,0.49088433384895325,0.49799150228500366,0.6333135962486267,0.4590156078338623,0.6440462470054626,0.5049813389778137,0.817453145980835,0.4960920214653015,0.7997933030128479,0.5163570642471313,0.8473873138427734,0.510441243648529,0.8259323239326477,0.480120986700058,0.8675561547279358,0.47108572721481323,0.8593795895576477
65,0.4566118121147156,0.24074678122997284,0.4041719436645508,0.2939431369304657,0.4744018614292145,0.32338836789131165,0.38370054960250854,0.3641148507595062,0.4218602180480957,0.27678659558296204,0.3810548484325409,0.2791929543018341,0.411072313785553,0.25475141406059265,0.38058900833129883,0.2542612850666046,0.41168975830078125,0.24580597877502441,0.3845009207725525,0.2475908249616623,0.41447168588638306,0.2516147792339325,0.38662606477737427,0.25546905398368835,0.5056349635124207,0.4668922424316406,0.46894121170043945,0.4882427453994751,0.4978923201560974,0.6352012157440186,0.45635104179382324,0.6433572173118591,0.5047008991241455,0.8140634298324585,0.48250478506088257,0.7998721599578857,0.513537585735321,0.8431649804115295,0.4941178858280182,0.8260669708251953,0.48398303985595703,0.8652952313423157,0.4574917256832123,0.8525431156158447
66,0.45711594820022583,0.23927974700927734,0.40440574288368225,0.28493455052375793,0.4527812600135803,0.3066401779651642,0.377579927444458,0.35485631227493286,0.3975635766983032,0.2452680915594101,0.36676639318466187,0.24882866442203522,0.38467538356781006,0.21996870636940002,0.36209630966186523,0.22232717275619507,0.3861038386821747,0.2121635526418686,0.364719033241272,0.21345123648643494,0.38998427987098694,0.21908634901046753,0.3683199882507324,0.22166839241981506,0.4988858699798584,0.4678170084953308,0.46131080389022827,0.48777496814727783,0.49690765142440796,0.636086642742157,0.45226946473121643,0.6428380608558655,0.5041626691818237,0.8131864666938782,0.4671136438846588,0.7991489768028259,0.5106555223464966,0.8419323563575745,0.4775315821170807,0.8253442645072937,0.4842933714389801,0.8635411858558655,0.43826526403427124,0.8419767022132874
67,0.45801424980163574,0.23993676900863647,0.4050522446632385,0.2829087972640991,0.437981516122818,0.28939327597618103,0.37348589301109314,0.35103586316108704,0.38539236783981323,0.23893709480762482,0.35672467947006226,0.25471535325050354,0.3723047077655792,0.21666307747364044,0.35431793332099915,0.2214680314064026,0.37160032987594604,0.2076823115348816,0.3543279767036438,0.2110259085893631,0.37558263540267944,0.2145804464817047,0.35669928789138794,0.22030940651893616,0.4928794503211975,0.4691111743450165,0.455422580242157,0.4883463680744171,0.49266189336776733,0.6370463371276855,0.44617515802383423,0.6433686017990112,0.5021234154701233,0.8139192461967468,0.4509074091911316,0.800041139125824,0.5075578093528748,0.8409857153892517,0.45977798104286194,0.8262472152709961,0.48294395208358765,0.8653448224067688,0.41881194710731506,0.8426643013954163
68,0.45869073271751404,0.24184249341487885,0.40640974044799805,0.2834651470184326,0.4305616319179535,0.28222033381462097,0.3736066222190857,0.3561510741710663,0.3769919276237488,0.24312080442905426,0.352419912815094,0.26645269989967346,0.365313321352005,0.22912272810935974,0.3508545756340027,0.2440539300441742,0.36432528495788574,0.2202863097190857,0.35063818097114563,0.2358282059431076,0.36887091398239136,0.22701166570186615,0.35258451104164124,0.24248816072940826,0.48691049218177795,0.4700736999511719,0.44938069581985474,0.4893728494644165,0.48577675223350525,0.6412578225135803,0.4390086233615875,0.6453166604042053,0.49718213081359863,0.8131077289581299,0.4374515414237976,0.8011060953140259,0.5033674240112305,0.8376119136810303,0.44554081559181213,0.8264355063438416,0.4828905165195465,0.8673009276390076,0.4061388373374939,0.8431291580200195
69,0.4587433338165283,0.24791716039180756,0.40740758180618286,0.2912405729293823,0.42391690611839294,0.286827027797699,0.37511545419692993,0.36737287044525146,0.3728422522544861,0.25078141689300537,0.35098838806152344,0.288716197013855,0.36124861240386963,0.2403120994567871,0.3498309552669525,0.2639539837837219,0.360707551240921,0.23187457025051117,0.35004061460494995,0.25765636563301086,0.36469393968582153,0.23727558553218842,0.35155028104782104,0.26395371556282043,0.48049378395080566,0.47326308488845825,0.44360166788101196,0.4895326495170593,0.4798884391784668,0.6499059200286865,0.4320898950099945,0.6494972705841064,0.4947647452354431,0.816554605960846,0.4291212558746338,0.807010293006897,0.4990077614784241,0.838367223739624,0.438851922750473,0.832672119140625,0.4818858206272125,0.8725137114524841,0.3961292505264282,0.8523356914520264
70,0.4606577754020691,0.25193676352500916,0.4076165556907654,0.29752200841903687,0.42654556035995483,0.29548826813697815,0.38138094544410706,0.37547385692596436,0.3754516839981079,0.27643606066703796,0.3506026864051819,0.3074323832988739,0.36288708448410034,0.2681090831756592,0.34764307737350464,0.289067804813385,0.361389696598053,0.2598283588886261,0.34730425477027893,0.2782989740371704,0.3653843104839325,0.2647189199924469,0.34938305616378784,0.28423646092414856,0.47610825300216675,0.4801953434944153,0.43776407837867737,0.49354270100593567,0.4737771451473236,0.6528844237327576,0.4233075976371765,0.6545747518539429,0.4915175437927246,0.8202810883522034,0.427173912525177,0.8157201409339905,0.4957349896430969,0.8400882482528687,0.4364705979824066,0.8386632800102234,0.4809674620628357,0.8758058547973633,0.3967399001121521,0.8580142855644226
71,0.46203404664993286,0.25793617963790894,0.40694308280944824,0.3013244569301605,0.4233994483947754,0.3054766356945038,0.38852348923683167,0.38975390791893005,0.37497714161872864,0.2883451282978058,0.3556240200996399,0.32341593503952026,0.36161771416664124,0.27083536982536316,0.34933555126190186,0.3120579123497009,0.360184907913208,0.2635852098464966,0.3492398262023926,0.298795610666275,0.36430424451828003,0.270010769367218,0.3524317145347595,0.30165770649909973,0.47044119238853455,0.491012841463089,0.43197697401046753,0.5043486952781677,0.4672849774360657,0.6566676497459412,0.4160948395729065,0.6632668375968933,0.48842883110046387,0.8246124386787415,0.4290662407875061,0.8204495906829834,0.49353542923927307,0.8476810455322266,0.4383736550807953,0.844626247882843,0.47888579964637756,0.875895082950592,0.3966309428215027,0.8600536584854126
72,0.46290555596351624,0.2729076147079468,0.40686026215553284,0.30329060554504395,0.42302989959716797,0.33563753962516785,0.388591468334198,0.38974159955978394,0.37111443281173706,0.32640978693962097,0.35760214924812317,0.35910850763320923,0.35593631863594055,0.3230748176574707,0.3481200337409973,0.3579711318016052,0.35453110933303833,0.31149518489837646,0.34957224130630493,0.3418928384780884,0.35867834091186523,0.3129567503929138,0.35325881838798523,0.339720755815506,0.46516627073287964,0.4999276399612427,0.4260440468788147,0.5124466419219971,0.4631771445274353,0.6638937592506409,0.41237664222717285,0.6708611845970154,0.48885613679885864,0.8284512162208557,0.43057331442832947,0.8211286664009094,0.49427205324172974,0.849904477596283,0.4428008198738098,0.8456449508666992,0.4789818823337555,0.880942702293396,0.3955124318599701,0.8627986907958984
73,0.4628504812717438,0.2850360870361328,0.40480175614356995,0.30444228649139404,0.4212605953216553,0.3620075583457947,0.3891281485557556,0.39824000000953674,0.37195438146591187,0.3649362325668335,0.35920125246047974,0.4535229802131653,0.35784441232681274,0.36765116453170776,0.3455582559108734,0.46117302775382996,0.35606223344802856,0.3582284450531006,0.3462179899215698,0.45798081159591675,0.36092275381088257,0.35754576325416565,0.3492959141731262,0.45395612716674805,0.46062904596328735,0.5082735419273376,0.42115306854248047,0.520180881023407,0.45833802223205566,0.6677215099334717,0.4072926640510559,0.6750802993774414,0.4884950518608093,0.8292575478553772,0.4303378462791443,0.8240570425987244,0.494098961353302,0.8509490489959717,0.4404919743537903,0.8503131866455078,0.47903043031692505,0.8809142708778381,0.39426401257514954,0.8633570075035095
74,0.46219515800476074,0.29251253604888916,0.4053001403808594,0.3058406710624695,0.4256053566932678,0.37827351689338684,0.39371258020401,0.4072141647338867,0.3759724795818329,0.3979993760585785,0.3606153726577759,0.43773677945137024,0.3621906340122223,0.408112496137619,0.3497083783149719,0.45413199067115784,0.35974976420402527,0.399593323469162,0.3501226603984833,0.44484710693359375,0.36438754200935364,0.3960949182510376,0.3527475595474243,0.44951629638671875,0.4564603865146637,0.5113739371299744,0.4187299311161041,0.5207926630973816,0.45589113235473633,0.6705963015556335,0.40503597259521484,0.6773313879966736,0.4870184063911438,0.8294886946678162,0.427243709564209,0.8256550431251526,0.49372798204421997,0.8508745431900024,0.43876272439956665,0.8502760529518127,0.4793129563331604,0.8800546526908875,0.3927770256996155,0.8652148842811584
75,0.46127766370773315,0.2946898937225342,0.4055851101875305,0.3112401068210602,0.4277328550815582,0.3924879729747772,0.4008103311061859,0.42226219177246094,0.3786484897136688,0.4214732348918915,0.3613806664943695,0.46153637766838074,0.3637464940547943,0.4314197301864624,0.34993866086006165,0.4812224507331848,0.36293381452560425,0.4230300784111023,0.3486018776893616,0.47689029574394226,0.3674420416355133,0.4202732741832733,0.351435124874115,0.4710727632045746,0.4524834156036377,0.5088252425193787,0.4155884385108948,0.5191103219985962,0.45359116792678833,0.6691696047782898,0.4043649733066559,0.6766494512557983,0.4868345260620117,0.8298961520195007,0.4278511106967926,0.827994167804718,0.493463933467865,0.8514324426651001,0.4397239089012146,0.8522873520851135,0.4793034493923187,0.8795562386512756,0.38995108008384705,0.8665256500244141
76,0.4609910845756531,0.29516246914863586,0.40572088956832886,0.3148399889469147,0.43378353118896484,0.3966498076915741,0.4029931128025055,0.4287823438644409,0.3805863559246063,0.4331381022930145,0.3618732988834381,0.47062528133392334,0.3693985044956207,0.4455614984035492,0.3505496084690094,0.49115467071533203,0.36565977334976196,0.4367394745349884,0.34848740696907043,0.4860439598560333,0.3694797456264496,0.43294814229011536,0.3521471619606018,0.47857043147087097,0.4515732228755951,0.5084367394447327,0.41633668541908264,0.5178529024124146,0.452098548412323,0.6695912480354309,0.403588205575943,0.6763579249382019,0.4860837459564209,0.8295851349830627,0.42842450737953186,0.8281428813934326,0.49204835295677185,0.8513794541358948,0.43834543228149414,0.8523245453834534,0.47833824157714844,0.8789531588554382,0.39107203483581543,0.8660288453102112
77,0.4609883725643158,0.29327887296676636,0.40495386719703674,0.31545713543891907,0.44113796949386597,0.3946329355239868,0.4032318592071533,0.4265276789665222,0.3857494294643402,0.4330781102180481,0.36569342017173767,0.46760085225105286,0.3755629062652588,0.44771715998649597,0.35070452094078064,0.5019641518592834,0.3711436688899994,0.4386531710624695,0.3491747975349426,0.49825048446655273,0.37431758642196655,0.434158056974411,0.35463136434555054,0.49011465907096863,0.4527219235897064,0.5085675120353699,0.4170357584953308,0.516941487789154,0.4512515664100647,0.6697316765785217,0.4043598771095276,0.6761909127235413,0.48590102791786194,0.830700159072876,0.42899289727211,0.8275050520896912,0.49114829301834106,0.8517910242080688,0.4389062523841858,0.8520990610122681,0.47731876373291016,0.8787369132041931,0.3930361866950989,0.8656895160675049
78,0.4608429968357086,0.29159224033355713,0.40418872237205505,0.3166767358779907,0.44438615441322327,0.39072465896606445,0.4026823937892914,0.4274076223373413,0.3875803053379059,0.4305926561355591,0.3632473945617676,0.47561022639274597,0.3771666884422302,0.4445171058177948,0.34909993410110474,0.4964144825935364,0.3728817403316498,0.43571141362190247,0.346823513507843,0.4906978905200958,0.3759605884552002,0.43149128556251526,0.3503820598125458,0.4836151897907257,0.45355042815208435,0.5077652335166931,0.41783279180526733,0.5163254141807556,0.4521419107913971,0.669585645198822,0.4054113030433655,0.6762050986289978,0.4853752553462982,0.8321722149848938,0.42929521203041077,0.8272145986557007,0.4894794821739197,0.8527323007583618,0.43890905380249023,0.8520446419715881,0.4774344861507416,0.8786059021949768,0.39366015791893005,0.8657787442207336
79,0.4604109227657318,0.2878006398677826,0.4040560722351074,0.3165592849254608,0.44546422362327576,0.386640727519989,0.40313953161239624,0.42545852065086365,0.38815587759017944,0.42629411816596985,0.36327844858169556,0.4669870138168335,0.37703853845596313,0.4398036301136017,0.3501400649547577,0.49933770298957825,0.3728647828102112,0.43143749237060547,0.34829336404800415,0.4796699285507202,0.37600642442703247,0.42772340774536133,0.35064274072647095,0.48768556118011475,0.45447054505348206,0.508207380771637,0.4186846613883972,0.516308069229126,0.45351719856262207,0.6699107885360718,0.4072743058204651,0.6774267554283142,0.484832763671875,0.833834707736969,0.4298260807991028,0.8274803161621094,0.48757871985435486,0.8546051383018494,0.4393724799156189,0.8521524667739868,0.47823914885520935,0.8786609768867493,0.39414694905281067,0.8657419681549072
80,0.4603140950202942,0.2848477363586426,0.40400904417037964,0.31614184379577637,0.44552168250083923,0.3830956518650055,0.4028501510620117,0.4235742390155792,0.38906121253967285,0.41989243030548096,0.36363548040390015,0.458236962556839,0.37694495916366577,0.43234947323799133,0.35074833035469055,0.47924041748046875,0.3728618621826172,0.42448803782463074,0.34910398721694946,0.46879130601882935,0.3762090504169464,0.42099007964134216,0.3524468243122101,0.46701985597610474,0.4554045796394348,0.5089925527572632,0.4192720055580139,0.5173479914665222,0.4550864100456238,0.6696727275848389,0.4086535573005676,0.6776079535484314,0.48430007696151733,0.8335266709327698,0.43017101287841797,0.8272163271903992,0.48595675826072693,0.8544849157333374,0.4393516480922699,0.8518825769424438,0.47912731766700745,0.8784971833229065,0.3939080536365509,0.8656100630760193
81,0.46016231179237366,0.28275224566459656,0.40390411019325256,0.3142864406108856,0.4449923038482666,0.3811980187892914,0.40210452675819397,0.42230871319770813,0.38850921392440796,0.4149775505065918,0.36244016885757446,0.4543718993663788,0.37544530630111694,0.42590954899787903,0.349600225687027,0.47487515211105347,0.371487021446228,0.41829821467399597,0.34851083159446716,0.4667951762676239,0.37549763917922974,0.4151090681552887,0.3517453670501709,0.4647142291069031,0.4561327397823334,0.5094167590141296,0.4194648265838623,0.5179111957550049,0.456327348947525,0.6703200936317444,0.4094972014427185,0.6779845952987671,0.48416638374328613,0.8333397507667542,0.4303993284702301,0.8271129131317139,0.48501428961753845,0.8543776869773865,0.43963202834129333,0.8516892790794373,0.47986745834350586,0.8783149719238281,0.3942016661167145,0.8655504584312439
82,0.45984625816345215,0.28168582916259766,0.4034348130226135,0.31367021799087524,0.4445880353450775,0.3802323341369629,0.3997958302497864,0.42149683833122253,0.3871477246284485,0.412325382232666,0.3590722978115082,0.4615788161754608,0.37275588512420654,0.42215511202812195,0.3459453880786896,0.478061318397522,0.36895930767059326,0.41468551754951477,0.3449300229549408,0.4705187976360321,0.3737035393714905,0.41180410981178284,0.3494008183479309,0.46955230832099915,0.4569351077079773,0.5098236203193665,0.41984647512435913,0.5186395049095154,0.45994552969932556,0.6702774167060852,0.41001400351524353,0.6784451007843018,0.48446470499038696,0.833211362361908,0.43060845136642456,0.8269814848899841,0.48516160249710083,0.8542613983154297,0.4399659037590027,0.8515468239784241,0.48046770691871643,0.8777672052383423,0.3945440649986267,0.8652198314666748
83,0.4596988558769226,0.28101295232772827,0.40266862511634827,0.31366702914237976,0.4442818760871887,0.3800787031650543,0.3978979289531708,0.42100122570991516,0.38620954751968384,0.4111369252204895,0.3575851321220398,0.4607403874397278,0.3712323307991028,0.42011788487434387,0.34497347474098206,0.4774351119995117,0.3672664761543274,0.4123169779777527,0.3442586064338684,0.46658122539520264,0.37243014574050903,0.4097726047039032,0.3484114110469818,0.466958224773407,0.45717114210128784,0.5100699663162231,0.4203994870185852,0.5194351673126221,0.4649340510368347,0.6702456474304199,0.41021180152893066,0.6782240271568298,0.48450055718421936,0.8331047296524048,0.4305112957954407,0.8269386887550354,0.4855564534664154,0.8543619513511658,0.4399774670600891,0.8516582250595093,0.4811479151248932,0.8771690726280212,0.394692063331604,0.8647816181182861
84,0.4596586227416992,0.2804580330848694,0.4014473557472229,0.3139822781085968,0.4451868534088135,0.3796686828136444,0.3963617980480194,0.4205726683139801,0.3874126076698303,0.4100504219532013,0.3579370081424713,0.46016180515289307,0.37198323011398315,0.4188864827156067,0.3452775776386261,0.47664058208465576,0.36804869771003723,0.4109715521335602,0.3425235450267792,0.4643838107585907,0.37346261739730835,0.40852490067481995,0.3483421206474304,0.46412286162376404,0.4575039744377136,0.5109094381332397,0.4207621216773987,0.5210407972335815,0.46908703446388245,0.6729668974876404,0.410696417093277,0.6790444850921631,0.48457860946655273,0.8332529664039612,0.4305724501609802,0.8268898129463196,0.48560696840286255,0.854448139667511,0.4400619566440582,0.8515821695327759,0.48211225867271423,0.8771074414253235,0.3949293792247772,0.8645465970039368
85,0.45983371138572693,0.2796545922756195,0.39863911271095276,0.3150825798511505,0.4488493800163269,0.37905943393707275,0.39378228783607483,0.4207138121128082,0.39263588190078735,0.40930500626564026,0.3571069836616516,0.45893895626068115,0.3758822977542877,0.418265700340271,0.3445360064506531,0.4743463695049286,0.37219831347465515,0.41021546721458435,0.3429785370826721,0.4590030014514923,0.3773879110813141,0.40778157114982605,0.3478069305419922,0.45349156856536865,0.4589785635471344,0.5108514428138733,0.42100709676742554,0.5212616920471191,0.47111988067626953,0.674357533454895,0.4114859998226166,0.6791874170303345,0.484720379114151,0.8331512212753296,0.43070417642593384,0.8268496990203857,0.48503822088241577,0.8543844223022461,0.44022059440612793,0.8514923453330994,0.48397311568260193,0.8770548105239868,0.39498260617256165,0.8643283843994141
86,0.4601992070674896,0.2787126898765564,0.3965846598148346,0.31544050574302673,0.45195770263671875,0.37938305735588074,0.3889595866203308,0.42079055309295654,0.3959609270095825,0.41305968165397644,0.3549496531486511,0.4483318626880646,0.3784162402153015,0.4240649342536926,0.3441959023475647,0.4540989100933075,0.37494540214538574,0.41440245509147644,0.34339848160743713,0.4393323063850403,0.38073664903640747,0.41179847717285156,0.34780019521713257,0.43644943833351135,0.46030479669570923,0.5107791423797607,0.42110681533813477,0.5211796760559082,0.4709276556968689,0.6742908954620361,0.4125670790672302,0.6790353059768677,0.4848323464393616,0.8330745100975037,0.43079787492752075,0.8268343210220337,0.48505622148513794,0.8544117212295532,0.4402632713317871,0.8514257073402405,0.48386508226394653,0.8762217164039612,0.39514654874801636,0.8642526865005493
87,0.46056294441223145,0.27819517254829407,0.3953778147697449,0.3156035244464874,0.45812687277793884,0.3806919753551483,0.3886924386024475,0.42161133885383606,0.4043032228946686,0.42384073138237,0.35545334219932556,0.4484904408454895,0.38970714807510376,0.43874481320381165,0.34683772921562195,0.4546436369419098,0.38557976484298706,0.42800435423851013,0.3466692268848419,0.4408375024795532,0.39087599515914917,0.42379361391067505,0.35013723373413086,0.43815621733665466,0.46099162101745605,0.509501039981842,0.42124995589256287,0.5197815299034119,0.4703334867954254,0.6729015707969666,0.4139419496059418,0.6789469122886658,0.4849418103694916,0.8328695297241211,0.4308030605316162,0.8269041180610657,0.48492175340652466,0.8543837070465088,0.43998974561691284,0.8514407873153687,0.48377180099487305,0.8753442764282227,0.3951255679130554,0.8639523983001709
88,0.4610646367073059,0.2781125009059906,0.3934134244918823,0.3154822885990143,0.46713128685951233,0.38471558690071106,0.3839525878429413,0.4204651117324829,0.41836032271385193,0.44147536158561707,0.3648504316806793,0.4627857506275177,0.4058202803134918,0.458683580160141,0.3529222309589386,0.48274677991867065,0.4015606939792633,0.4479357600212097,0.3546951711177826,0.47536182403564453,0.4054507315158844,0.4419059753417969,0.35828208923339844,0.46774378418922424,0.4613172113895416,0.50799161195755,0.4213847517967224,0.5185263156890869,0.4698430001735687,0.6714767813682556,0.41490960121154785,0.6785469651222229,0.4850148558616638,0.8328180909156799,0.43068236112594604,0.8268800973892212,0.48507991433143616,0.8543561697006226,0.4396809935569763,0.851405143737793,0.4830232262611389,0.8742194771766663,0.39389365911483765,0.8634246587753296
89,0.4612967073917389,0.2776791751384735,0.3930243253707886,0.31534549593925476,0.471609503030777,0.3842758238315582,0.3824822008609772,0.4198695123195648,0.4375903010368347,0.4516396224498749,0.37769967317581177,0.4598349630832672,0.4307791590690613,0.47690993547439575,0.3749335706233978,0.4779607653617859,0.42225804924964905,0.4673210084438324,0.3798179030418396,0.4699538052082062,0.4232045114040375,0.4596083462238312,0.3809662461280823,0.46482953429222107,0.4613618850708008,0.5045051574707031,0.4214997887611389,0.5159119367599487,0.4696730673313141,0.667965292930603,0.4161495268344879,0.6779727935791016,0.48600059747695923,0.832763671875,0.430448442697525,0.8268652558326721,0.4876730442047119,0.8546043038368225,0.43919435143470764,0.8513897061347961,0.4804583191871643,0.8718044757843018,0.3936186730861664,0.8626972436904907
