LEFT_SHOULDER_X,LEFT_SHOULDER_Y,RIGHT_SHOULDER_X,RIGHT_SHOULDER_Y,LEFT_ELBOW_X,LEFT_ELBOW_Y,RIGHT_ELBOW_X,RIGHT_ELBOW_Y,LEFT_WRIST_X,LEFT_WRIST_Y,RIGHT_WRIST_X,RIGHT_WRIST_Y,LEFT_PINKY_X,LEFT_PINKY_Y,RIGHT_PINKY_X,RIGHT_PINKY_Y,LEFT_INDEX_X,LEFT_INDEX_Y,RIGHT_INDEX_X,RIGHT_INDEX_Y,LEFT_THUMB_X,LEFT_THUMB_Y,RIGHT_THUMB_X,RIGHT_THUMB_Y,LEFT_HIP_X,LEFT_HIP_Y,RIGHT_HIP_X,RIGHT_HIP_Y,LEFT_KNEE_X,LEFT_KNEE_Y,RIGHT_KNEE_X,RIGHT_KNEE_Y,LEFT_ANKLE_X,LEFT_ANKLE_Y,RIGHT_ANKLE_X,RIGHT_ANKLE_Y,LEFT_HEEL_X,LEFT_HEEL_Y,RIGHT_HEEL_X,RIGHT_HEEL_Y,LEFT_FOOT_INDEX_X,LEFT_FOOT_INDEX_Y,RIGHT_FOOT_INDEX_X,RIGHT_FOOT_INDEX_Y
0.571178257,0.425765902,0.55402559,0.437039405,0.578167319,0.525712729,0.563530147,0.517541528,0.549955547,0.545183241,0.5409289,0.509060383,0.540966034,0.553734303,0.535729051,0.516084194,0.540681183,0.539306462,0.534486234,0.507000685,0.543460011,0.535852849,0.53774029,0.496204048,0.599268794,0.5967682,0.583444118,0.597753644,0.586886704,0.73395443,0.569309354,0.727381229,0.593793094,0.879930735,0.568096578,0.867228448,0.603163481,0.897759438,0.571979284,0.885663629,0.567321956,0.902119339,0.535910964,0.891444623
0.570931077,0.428419918,0.553907216,0.437866509,0.576450586,0.527372003,0.562046587,0.518745363,0.546656311,0.545866549,0.540100932,0.516315103,0.539413512,0.553985536,0.533074737,0.526086152,0.538838685,0.539842546,0.534491181,0.515096605,0.541368365,0.536257088,0.537551582,0.506859004,0.599282086,0.596702695,0.584089577,0.597771645,0.5824489,0.73249197,0.56929487,0.726832509,0.591159046,0.879204869,0.568432271,0.866140842,0.602169335,0.896778107,0.575773716,0.88592726,0.563761115,0.902244329,0.53831923,0.891688347
0.570779562,0.429786772,0.553823948,0.43861559,0.575554132,0.528072894,0.561278403,0.519306004,0.545427918,0.546299279,0.539634585,0.518635452,0.538643897,0.55423665,0.532009482,0.529662788,0.537992954,0.540283978,0.534494519,0.517662585,0.540465593,0.536602676,0.537432551,0.510022879,0.599298775,0.596602321,0.584335446,0.597782791,0.580981791,0.731697023,0.569275141,0.726381063,0.589893937,0.878502667,0.568955719,0.865248978,0.603649497,0.893481791,0.577578008,0.885927081,0.56327337,0.902269006,0.540447533,0.892015159
0.570049584,0.431232452,0.553532481,0.440568,0.573460519,0.529384971,0.560539663,0.52134639,0.543598235,0.548943877,0.539687276,0.524070382,0.536611676,0.554886103,0.533420205,0.529102206,0.536046982,0.540822566,0.534494519,0.518378973,0.538868725,0.538039923,0.53749913,0.510838091,0.599501729,0.596435905,0.584502935,0.597566068,0.576666415,0.730431378,0.568647027,0.726357758,0.589220941,0.876641273,0.574786603,0.860362589,0.603364944,0.892775893,0.578432083,0.885814309,0.561092019,0.902652204,0.540057719,0.892730772
0.569361567,0.433093429,0.553265929,0.44401288,0.572897613,0.531745255,0.559820116,0.529621482,0.540190339,0.549862742,0.539707422,0.534195721,0.532450974,0.554962814,0.533488274,0.529737651,0.532055557,0.540921748,0.534466386,0.523961067,0.535456479,0.538668036,0.537284911,0.520836532,0.599668622,0.596457779,0.584365249,0.597635329,0.57365191,0.729536951,0.56837523,0.726356745,0.589503407,0.874880195,0.564359903,0.860211849,0.603977561,0.892703235,0.572737992,0.884052634,0.561198354,0.902682006,0.533925533,0.892935932
0.568849206,0.435133696,0.551409364,0.449374437,0.572985291,0.53271997,0.558987081,0.533281565,0.538294494,0.553521395,0.537954807,0.530851483,0.530551612,0.55676496,0.531452894,0.528790474,0.529720664,0.543002009,0.533300757,0.516996086,0.532798827,0.541707039,0.534559131,0.520092845,0.600113928,0.596191347,0.583935618,0.597483933,0.572905838,0.726705492,0.566250563,0.724423647,0.589538336,0.873877883,0.557457685,0.858644605,0.603491902,0.891883075,0.567389429,0.881831348,0.560312212,0.902820647,0.526502669,0.89291966
0.568543196,0.437599897,0.545648456,0.456359565,0.573031545,0.534202337,0.558497906,0.543082893,0.538644314,0.559155464,0.538012385,0.558344424,0.530929208,0.562750816,0.531243265,0.560497344,0.529182434,0.549750507,0.532405496,0.548943996,0.531908035,0.548015416,0.53441745,0.547314763,0.600706398,0.595167637,0.583379686,0.597178996,0.573087573,0.724321663,0.56438458,0.722364068,0.586644828,0.872884691,0.554498374,0.854243457,0.599354923,0.891649365,0.564037263,0.877718925,0.55415684,0.901395679,0.524440229,0.892364919
0.567585945,0.440544039,0.539911747,0.460051358,0.572578251,0.536310375,0.541892529,0.54622519,0.537206531,0.565452576,0.53464973,0.563135386,0.529717684,0.571324229,0.529814482,0.567017972,0.526603043,0.559195757,0.531148672,0.55872792,0.529419541,0.557052255,0.532672524,0.554434776,0.601643205,0.59602493,0.582297504,0.597180247,0.573702693,0.724832177,0.564163506,0.721545577,0.582621872,0.872927964,0.555844069,0.850456297,0.592495263,0.893245518,0.565045118,0.874141753,0.547632635,0.898889482,0.523797095,0.885489404
0.566542864,0.443834901,0.540609419,0.458728164,0.571582973,0.539396226,0.547283292,0.543785751,0.537448823,0.570261061,0.534750819,0.566999435,0.530290604,0.575871825,0.529961228,0.572234869,0.527532578,0.564040959,0.530860484,0.563500404,0.529790759,0.561522901,0.53206867,0.560118139,0.602347016,0.596210599,0.582197607,0.59671855,0.574089885,0.725172102,0.563131928,0.719017029,0.581989408,0.872678459,0.557494044,0.848191857,0.592487216,0.893318117,0.566112876,0.870688438,0.549871564,0.89778465,0.525024712,0.883523583
0.565229297,0.445662737,0.539999843,0.464505672,0.571611047,0.539708555,0.55199194,0.554169595,0.537764013,0.578572631,0.536057591,0.581927359,0.530802429,0.58350569,0.53159976,0.587228417,0.528336287,0.574059367,0.531871736,0.578721762,0.53044647,0.572547495,0.53362596,0.576327145,0.603797972,0.596207559,0.5823313,0.59703064,0.574169576,0.724887192,0.56326592,0.718512535,0.580324173,0.87285316,0.56474787,0.849695683,0.589541614,0.894115269,0.568318069,0.870351434,0.54702872,0.897937119,0.531106055,0.883719385
0.563573003,0.447129577,0.535655737,0.470547348,0.571596026,0.540240407,0.553369641,0.554743767,0.540791452,0.592384577,0.542729974,0.596293747,0.535447836,0.602616072,0.538759112,0.611783981,0.531565666,0.594065964,0.53820771,0.597900033,0.532201171,0.590450227,0.539126337,0.594402254,0.604571342,0.596208453,0.581867993,0.5987463,0.574502766,0.724328339,0.563449264,0.719583154,0.577057242,0.872659206,0.561037779,0.850152612,0.584048629,0.894073546,0.566378891,0.871112645,0.543562531,0.897186697,0.530602813,0.88379544
0.562548339,0.451227576,0.533303142,0.47959882,0.571130157,0.546605408,0.558025599,0.558357179,0.544774234,0.608662248,0.544964075,0.611295938,0.538196921,0.623077035,0.539313376,0.629678786,0.532329917,0.615773499,0.538027287,0.615820646,0.533862591,0.611093462,0.539194882,0.612603068,0.605219901,0.597411573,0.581592441,0.602098882,0.575201154,0.725342989,0.563123226,0.723355114,0.577426791,0.873910189,0.552545369,0.861364424,0.583891511,0.895899355,0.558373213,0.884823859,0.545309603,0.897274435,0.526290417,0.884798706
0.561037302,0.455755711,0.531066835,0.491677552,0.569524407,0.553091884,0.557922482,0.566742837,0.550636351,0.621812999,0.549879849,0.624549806,0.545965314,0.639190495,0.54084003,0.646726787,0.538510919,0.635443985,0.539237618,0.644118845,0.540366292,0.629842103,0.543798089,0.631606221,0.606118619,0.600636661,0.581420124,0.606238961,0.575876534,0.72600317,0.562451482,0.724838078,0.576726079,0.873955965,0.551107049,0.864815831,0.583571196,0.896141231,0.557825804,0.888876915,0.54571259,0.897350371,0.52463311,0.894578218
0.559897184,0.458457828,0.529251337,0.501689851,0.569339156,0.557853818,0.555363834,0.57462275,0.555913329,0.633132577,0.552901149,0.633039534,0.551883519,0.651723206,0.543921411,0.655335307,0.545546889,0.64808166,0.544673741,0.651817977,0.547316194,0.64194715,0.547606707,0.641757071,0.607243598,0.600717425,0.581597745,0.609260321,0.576487839,0.725512862,0.561501384,0.724562645,0.575830519,0.873543441,0.552429914,0.864261627,0.582085967,0.89586401,0.559634507,0.887622178,0.545909643,0.897433877,0.524020553,0.893868327
0.559484899,0.458637267,0.530232608,0.502984643,0.5692662,0.557668388,0.553975999,0.57279098,0.557283163,0.633153856,0.551536798,0.636853695,0.553333402,0.651179373,0.542669535,0.658806324,0.547651172,0.647471964,0.543282092,0.654344022,0.54927206,0.641764045,0.546095312,0.647114158,0.608386517,0.600571275,0.582851529,0.610262692,0.577240825,0.72551924,0.561225653,0.724466681,0.576783121,0.873066902,0.555861175,0.863881767,0.58382988,0.894749045,0.563914239,0.887173355,0.547940493,0.898674548,0.527385533,0.893461704
0.559051335,0.461991429,0.529085279,0.510695934,0.568359077,0.561963677,0.551444173,0.580398917,0.559787154,0.639060795,0.550832033,0.651964605,0.557042599,0.659592927,0.545136333,0.676493824,0.550672293,0.658362925,0.543249726,0.674117088,0.552034259,0.652178347,0.545504153,0.666136861,0.608993649,0.600598454,0.583287835,0.612467289,0.577738106,0.725118101,0.559377313,0.723299146,0.576231778,0.873019755,0.559019685,0.863546431,0.58352989,0.893987,0.569815993,0.887586713,0.548374772,0.899641395,0.534364283,0.894687116
0.55763495,0.464372844,0.528598368,0.517536342,0.567994595,0.558714807,0.550218105,0.588252962,0.564310253,0.64228791,0.555818856,0.658979714,0.564629436,0.662111521,0.554679573,0.684861779,0.559414148,0.664271414,0.554890931,0.680646837,0.560315251,0.655545652,0.55551517,0.673548698,0.609277844,0.600526571,0.583648682,0.614526212,0.576565146,0.723860145,0.555531859,0.720109999,0.575169384,0.872358799,0.52487421,0.848791957,0.583695948,0.893996775,0.530458629,0.875686228,0.54853642,0.900060594,0.490493149,0.868621886
0.556044579,0.467490226,0.528504312,0.520818293,0.567241311,0.561312139,0.550365388,0.595117569,0.566130042,0.650584042,0.559156835,0.668610692,0.567388892,0.671470106,0.558731198,0.694214344,0.563150764,0.674845338,0.559050441,0.69231832,0.563514948,0.666758597,0.559953868,0.685349107,0.610019624,0.601034582,0.585230649,0.616690338,0.573809385,0.723901868,0.556093276,0.72171241,0.572177291,0.872394502,0.534571767,0.846848726,0.581636548,0.89400363,0.539945424,0.87158519,0.543388724,0.901797175,0.503539443,0.872834325
0.555604219,0.471840382,0.527867854,0.524289131,0.565718651,0.566200018,0.549674094,0.599243581,0.565132082,0.650470674,0.560491264,0.664098799,0.567223489,0.671214581,0.561964631,0.688822985,0.564006865,0.674363315,0.562554181,0.68752414,0.564164579,0.666557252,0.563415289,0.679091275,0.61010015,0.602196395,0.586311936,0.619694293,0.57242322,0.724043727,0.558245778,0.731406212,0.570894361,0.873262882,0.537552536,0.849918365,0.579895794,0.895659566,0.542001486,0.875831366,0.540744603,0.910474837,0.505346358,0.876267314
0.554895461,0.473177075,0.527607083,0.526103497,0.564789832,0.56827271,0.5497545,0.602292955,0.564746559,0.652723789,0.560110211,0.671020448,0.566726327,0.672831833,0.560891211,0.696250677,0.563598692,0.675964773,0.561415195,0.694376588,0.563743949,0.668844163,0.562090755,0.687915444,0.610661864,0.603212714,0.587854385,0.621537149,0.571603417,0.724119723,0.561071813,0.735607743,0.570537806,0.872921228,0.538360953,0.850847185,0.579151511,0.895593584,0.542278528,0.876044631,0.539313614,0.910436928,0.503412127,0.876487195
0.554672241,0.474358499,0.527123213,0.528446555,0.56453234,0.568683386,0.548936367,0.60087502,0.564608693,0.651817858,0.559605956,0.668638766,0.566354036,0.671104789,0.560501754,0.693954408,0.563095987,0.674089968,0.560896277,0.691207826,0.563287616,0.666923046,0.561953604,0.683182836,0.611102223,0.604193747,0.588392258,0.622031152,0.572054744,0.724517047,0.561100841,0.735742331,0.570237577,0.873241603,0.539307714,0.851957083,0.579470515,0.895912409,0.543495834,0.877633214,0.54066807,0.911687613,0.504746258,0.877706885
0.554930091,0.474805146,0.527229011,0.527639031,0.564784408,0.567636907,0.548286855,0.600522995,0.564521492,0.653316736,0.558789074,0.670259118,0.566389561,0.673850834,0.559557259,0.697019935,0.56256181,0.676388144,0.559656024,0.69551605,0.562690914,0.668972671,0.560781598,0.686899841,0.611537874,0.604272902,0.588982224,0.622276068,0.571621895,0.723170161,0.561755061,0.735976994,0.56799233,0.873148799,0.549728692,0.857776225,0.577592611,0.895901263,0.55561024,0.882042527,0.533787668,0.91086632,0.523922324,0.890721917
0.555154443,0.47478348,0.527161241,0.52815783,0.564827979,0.569928944,0.548485219,0.601252198,0.564406931,0.656181872,0.558838248,0.67187947,0.565965414,0.677362084,0.559141815,0.700352669,0.562263727,0.679178536,0.559622288,0.697417676,0.562425971,0.672026217,0.560779452,0.688997209,0.611417234,0.604703903,0.588707983,0.624168396,0.571556151,0.720969975,0.563833833,0.738984406,0.568452895,0.873042703,0.578341901,0.86188674,0.577684045,0.895895839,0.58714807,0.882152796,0.536412418,0.917390764,0.563004136,0.906955898
0.555306017,0.473473489,0.527170181,0.526436508,0.564911783,0.569280088,0.54844898,0.600085199,0.564064443,0.657037497,0.558637977,0.670635462,0.565448999,0.677936494,0.558823228,0.6996997,0.561706185,0.679646075,0.559437156,0.696633458,0.56187135,0.672795296,0.560626745,0.688189924,0.611329854,0.605699599,0.58859551,0.625129819,0.571719289,0.72088927,0.565312266,0.741770744,0.568125248,0.873117387,0.576415956,0.866180182,0.578409314,0.897181809,0.584384799,0.885088682,0.536793351,0.919056773,0.558922827,0.909602165
0.555350423,0.472686261,0.527207136,0.524263442,0.564867079,0.569505632,0.547945082,0.598372459,0.564081788,0.65637064,0.558316112,0.668988764,0.565675974,0.676584065,0.558695138,0.695633173,0.561686277,0.678506255,0.558971882,0.693927109,0.56181848,0.672046542,0.560095787,0.685302854,0.611067176,0.606396437,0.588501632,0.624182463,0.570448697,0.722308934,0.565109491,0.741307139,0.566897094,0.873999298,0.570444107,0.865589976,0.577595592,0.897431016,0.577976108,0.884231567,0.534581661,0.918092191,0.549593329,0.905403972
0.55541712,0.472592503,0.527322412,0.524015963,0.564940453,0.568902194,0.547551274,0.597361684,0.564098239,0.655186653,0.557987571,0.668344736,0.565466046,0.67506516,0.558445573,0.695690811,0.561230302,0.677142024,0.558874249,0.692810774,0.561473966,0.670618176,0.559893012,0.684486866,0.609807312,0.606261194,0.586991668,0.623879373,0.569307029,0.722370982,0.564896166,0.740075827,0.565303624,0.874823451,0.573229551,0.864032984,0.57612288,0.897554159,0.581317246,0.881253123,0.532598734,0.919130445,0.55554086,0.903565407
0.555483341,0.472179294,0.527409792,0.523804009,0.5649966,0.568726301,0.54761976,0.596771896,0.564018011,0.654664576,0.557939112,0.667846024,0.565303206,0.674479127,0.558071434,0.694343805,0.561012506,0.676518917,0.558722019,0.692486405,0.561319232,0.670018315,0.55977869,0.684167266,0.609380543,0.606151044,0.5864259,0.623200536,0.569387019,0.722688735,0.564049125,0.736816406,0.565566659,0.875106156,0.572512031,0.864483118,0.576729357,0.897542119,0.579999089,0.88403827,0.532620311,0.918676436,0.549807787,0.902937472
0.555618644,0.471925765,0.527485251,0.521622956,0.565055609,0.568733096,0.547646999,0.596285105,0.563934386,0.653947294,0.557559788,0.667641282,0.565042138,0.673702776,0.556849718,0.694501042,0.560957789,0.675849974,0.557942569,0.690854669,0.561239362,0.669594407,0.558860719,0.682949007,0.608941436,0.606089592,0.585433066,0.622204125,0.569147408,0.722710729,0.55540365,0.725489974,0.568499506,0.874441087,0.522957385,0.841795027,0.578298271,0.896715224,0.527572989,0.865960836,0.532818913,0.917920411,0.48527503,0.864676774
0.556375384,0.471779704,0.527407706,0.516518474,0.565725684,0.569785833,0.546982169,0.595277607,0.563779533,0.653263927,0.555557251,0.667197526,0.564422905,0.672891855,0.555248916,0.693220735,0.559853196,0.674857438,0.555333316,0.689657271,0.560266316,0.668670237,0.555937827,0.681984603,0.60818553,0.607219756,0.584046841,0.621931493,0.567803741,0.723581433,0.550482154,0.726527512,0.569886386,0.874221027,0.508752227,0.84470892,0.580295503,0.896121979,0.512036204,0.869184196,0.539342463,0.918915153,0.476987988,0.861350358
0.557471693,0.469475329,0.526875496,0.512995124,0.567324996,0.568853915,0.546096385,0.592926681,0.562904537,0.652325988,0.552991629,0.667036057,0.562717974,0.672766745,0.552115142,0.691753805,0.557311416,0.674513519,0.550685465,0.687072158,0.558137536,0.66792196,0.551621616,0.680599272,0.606380641,0.606630206,0.581587911,0.621130943,0.565138698,0.721673906,0.549424052,0.722667277,0.570185304,0.873791814,0.524531066,0.849280655,0.580512404,0.89612335,0.53389138,0.87347275,0.540292382,0.926266909,0.505024552,0.885135829
0.558450818,0.467340559,0.526721358,0.510712266,0.568739831,0.566840947,0.545631289,0.590556204,0.560518086,0.650857031,0.550721586,0.664757133,0.558904529,0.671764374,0.547970772,0.688977122,0.552634418,0.671617091,0.546833217,0.681719303,0.553947568,0.664654016,0.548159599,0.675293624,0.605476737,0.606573999,0.580600083,0.621071875,0.565060198,0.721357584,0.549339652,0.721305311,0.572356582,0.873292863,0.561059296,0.854166925,0.582349062,0.89613235,0.57154876,0.878848851,0.543812215,0.92564553,0.535249591,0.893200517
0.558767021,0.466085345,0.525708973,0.508233666,0.569399714,0.565764844,0.544904292,0.588684797,0.558689117,0.647663474,0.546952546,0.662273109,0.556061506,0.66830641,0.545470834,0.684633911,0.549972355,0.666110396,0.543734968,0.676734805,0.551221967,0.659554482,0.544880986,0.66974628,0.604405582,0.606542528,0.578947365,0.621036351,0.564979672,0.721355855,0.54931885,0.720916331,0.574286044,0.873326302,0.567775548,0.854540825,0.583729029,0.896225929,0.578464508,0.879667521,0.548608124,0.912115812,0.542760968,0.89604491
0.558904231,0.465053469,0.525164425,0.506624699,0.569916368,0.564557076,0.544542849,0.587429106,0.557686508,0.646463096,0.546682954,0.659715652,0.554946542,0.667232811,0.544866204,0.681868076,0.548652291,0.664567769,0.543010831,0.674287379,0.54998976,0.657975852,0.544327378,0.667006195,0.604343355,0.606532097,0.578818977,0.620971918,0.564982474,0.721361101,0.549374163,0.720264494,0.574597597,0.873423278,0.567980826,0.855641961,0.584167123,0.896699369,0.579405546,0.885268807,0.548306108,0.908396006,0.542736053,0.896413088
0.558933973,0.463824749,0.524884224,0.505746305,0.570639014,0.561921835,0.544670761,0.586207688,0.556239963,0.642773926,0.544521093,0.653376162,0.552960753,0.663220465,0.542747617,0.672779202,0.54585427,0.65913254,0.539795756,0.665789723,0.547313392,0.653071284,0.540629447,0.659199774,0.60378927,0.606731057,0.578699052,0.621156931,0.56490922,0.722057581,0.550184071,0.722060323,0.574383318,0.873536408,0.568634868,0.856004596,0.584061027,0.896987677,0.579309404,0.885116041,0.548172057,0.904248714,0.544680357,0.895992637
0.558919549,0.462953299,0.524474323,0.504652679,0.570547879,0.561252952,0.544780552,0.585399091,0.552425861,0.63736558,0.541510046,0.649505079,0.548357546,0.65666008,0.539781034,0.667152643,0.541427791,0.653088808,0.536661029,0.660263181,0.543472648,0.646790326,0.53779763,0.654275358,0.602630317,0.607207596,0.577885211,0.621630073,0.564853549,0.724033356,0.550432682,0.726047158,0.574407101,0.872992396,0.567695022,0.856017232,0.584231496,0.896229386,0.57793659,0.88339901,0.548446953,0.902800739,0.542406201,0.895691574
0.558901191,0.462857932,0.524040818,0.50118041,0.569670558,0.561360419,0.544724822,0.580423415,0.549225688,0.631753266,0.539164782,0.640910566,0.545501888,0.650182605,0.538738608,0.656607509,0.538598716,0.645358026,0.53654182,0.647372544,0.540053904,0.638519526,0.537128091,0.641534269,0.601051033,0.607197404,0.576166749,0.621330738,0.564883649,0.726510882,0.549168825,0.727593064,0.574276567,0.872942686,0.566761136,0.856404603,0.584137738,0.895879984,0.576564372,0.882880211,0.548165441,0.902124345,0.540336788,0.895347416
0.55888927,0.462923855,0.522969007,0.49817574,0.56867063,0.561408818,0.544001698,0.573181152,0.543679297,0.62247324,0.536794424,0.630713165,0.539205194,0.641141355,0.535957813,0.648032069,0.532667279,0.634829044,0.534031034,0.638480484,0.533767581,0.62877059,0.534235835,0.631472945,0.599184513,0.606559515,0.573353946,0.619361579,0.564899087,0.727184296,0.548341393,0.729017615,0.574427187,0.871259928,0.565613925,0.856700838,0.584112704,0.894177139,0.574956536,0.882490873,0.549494803,0.901546896,0.538975835,0.909340501
0.558386207,0.462978035,0.522302508,0.495729923,0.565789044,0.56250006,0.54363507,0.57290864,0.536188126,0.619120181,0.527818084,0.62305063,0.5309394,0.633074164,0.526136279,0.633876324,0.524418116,0.625797033,0.522511065,0.625541627,0.525227308,0.621609569,0.5225088,0.621043503,0.597411215,0.605959594,0.570528269,0.616633356,0.566026449,0.727075696,0.547747135,0.729012728,0.575128198,0.870355368,0.564875543,0.858513117,0.584144711,0.892318964,0.57438159,0.882422626,0.550014853,0.900065839,0.538294792,0.913294911
0.558229029,0.463027626,0.522193372,0.493934244,0.56494242,0.563794315,0.5434798,0.571783781,0.534453034,0.618382871,0.528167069,0.621560454,0.52800405,0.632267237,0.525419533,0.633926332,0.522131324,0.624343336,0.521605968,0.624313474,0.523473084,0.620415568,0.522680163,0.620186388,0.597425818,0.605015337,0.570417881,0.614807844,0.566211522,0.727028668,0.547896981,0.7290591,0.575376749,0.867016375,0.562723398,0.858500242,0.583943248,0.887869596,0.574090123,0.880045414,0.551611781,0.900170565,0.537402272,0.911886573
0.557244301,0.46239832,0.522041678,0.490574181,0.559592783,0.56367296,0.538921416,0.569709301,0.526860178,0.615423977,0.51492101,0.605784237,0.519148409,0.627316356,0.512249112,0.617370665,0.513667405,0.616840839,0.509304702,0.609038949,0.51518774,0.612563074,0.509903133,0.604771674,0.597810686,0.603296518,0.57077235,0.612091482,0.569901526,0.726895034,0.548086882,0.728972793,0.576787412,0.865788937,0.56230557,0.858585596,0.58445251,0.886010647,0.57388556,0.878430247,0.554530084,0.900800943,0.536181152,0.902376235
0.556375742,0.462221473,0.522116542,0.488779873,0.550146282,0.563654304,0.53763926,0.569184542,0.512747467,0.597366989,0.511567116,0.595676839,0.503996015,0.603157043,0.508008718,0.607999504,0.499138176,0.590057611,0.504952192,0.598593771,0.501238227,0.588433921,0.505690157,0.59530431,0.598217428,0.603353858,0.571383417,0.611980379,0.57458508,0.725832939,0.548145354,0.72656846,0.582211554,0.865406215,0.560150146,0.859374762,0.588474154,0.886804819,0.571426809,0.878500819,0.560714126,0.901204109,0.536089778,0.900004566
0.553644061,0.462960422,0.524019778,0.485886842,0.540322065,0.562241435,0.524237752,0.566181242,0.505130172,0.578137934,0.500376761,0.578446269,0.496369511,0.58071053,0.494227946,0.580566943,0.493373573,0.569487154,0.491850615,0.572337568,0.495407909,0.568058848,0.494102091,0.570428789,0.598444581,0.605314195,0.573022008,0.612233043,0.578235626,0.725855231,0.548044443,0.725222528,0.591122985,0.865455687,0.559755921,0.859367728,0.596895218,0.887196422,0.570240498,0.878063738,0.57679683,0.901748061,0.535551965,0.897731245
0.549278677,0.465025842,0.529163778,0.48218447,0.533545136,0.560508072,0.523321152,0.564979613,0.501362681,0.566713095,0.496003538,0.559292436,0.492556274,0.563430727,0.485105455,0.55407989,0.490769535,0.554124296,0.485304683,0.548659146,0.493656814,0.554926932,0.488699347,0.549778938,0.599464059,0.607511878,0.57670325,0.612408221,0.582799256,0.731015861,0.548214555,0.725178957,0.59863168,0.869994879,0.559774458,0.8627249,0.606247187,0.890325665,0.570168018,0.88388288,0.58101505,0.903479278,0.53522408,0.897016764
0.548205912,0.470882118,0.530357778,0.484100759,0.527182221,0.560378373,0.514178157,0.553699493,0.498285383,0.547546268,0.493846834,0.542097092,0.490776926,0.545062423,0.486438423,0.539697647,0.490633667,0.536827087,0.488249481,0.534426391,0.494048834,0.538267493,0.492007643,0.535167813,0.60265708,0.609330773,0.580745876,0.613133132,0.585476518,0.734099388,0.549683452,0.725197494,0.600673795,0.874723077,0.559677362,0.866100729,0.608955324,0.896103501,0.569597542,0.888372719,0.579341948,0.903858364,0.530982435,0.896275163
0.548034012,0.471984833,0.530439496,0.484966367,0.526367784,0.559384286,0.510771155,0.551792145,0.498278081,0.545386553,0.492920399,0.539934993,0.491101325,0.543354571,0.486418635,0.53835386,0.491489112,0.53541863,0.488567889,0.533287585,0.494845152,0.536873281,0.492347479,0.534049451,0.603902698,0.610027969,0.581582546,0.613211751,0.585964561,0.734787762,0.550125539,0.725192666,0.601020575,0.874908209,0.559767842,0.865790904,0.609674931,0.896455884,0.568277001,0.888114274,0.578779817,0.904320419,0.528523803,0.895104825
0.545573831,0.471355826,0.532176197,0.485369056,0.52051425,0.553843558,0.510577559,0.552153111,0.492081225,0.52780658,0.491011292,0.529492676,0.485778987,0.527769327,0.486703575,0.529384375,0.48696965,0.520331085,0.488964409,0.521893144,0.491205364,0.521649241,0.492292404,0.52412498,0.60623467,0.609865725,0.584801733,0.613201797,0.586931288,0.735426009,0.552200615,0.724428236,0.601898551,0.876016855,0.55880326,0.865692377,0.610845685,0.89877516,0.567385554,0.887579322,0.578099191,0.904415905,0.527430654,0.893748224
0.543717265,0.472318947,0.53212887,0.485516131,0.520440519,0.554519117,0.51194489,0.539901614,0.49458462,0.532673597,0.489331543,0.520167351,0.488570631,0.533038139,0.485970557,0.521140516,0.489937842,0.524997532,0.48882857,0.514060974,0.494000971,0.525833428,0.491793245,0.516807616,0.608632922,0.609733045,0.587666154,0.612735808,0.587986827,0.735099196,0.554140627,0.724113882,0.602670133,0.876000881,0.557969213,0.865309417,0.613197207,0.900749028,0.565752208,0.888120294,0.578053892,0.904400468,0.523800015,0.892847002
0.545163393,0.473495305,0.53136313,0.48897633,0.525888085,0.551378906,0.511817098,0.544631004,0.494540155,0.530701876,0.489441782,0.524185777,0.487240702,0.528618038,0.485611051,0.521937788,0.488637507,0.522250533,0.488727331,0.516464293,0.492219865,0.523567855,0.491211027,0.518542588,0.610491872,0.609967768,0.586597204,0.612800062,0.590763271,0.735755563,0.555829883,0.724151611,0.603369713,0.875814319,0.564388812,0.861114919,0.611459076,0.900088191,0.57304585,0.881497264,0.578665614,0.90574646,0.542291284,0.893026292
0.545954943,0.479870826,0.530985117,0.497442514,0.528864622,0.561897576,0.513324142,0.551839888,0.497531652,0.540856361,0.491868109,0.538289964,0.489887327,0.540692389,0.486887634,0.537585735,0.489962757,0.532744825,0.489084423,0.529655635,0.493846416,0.534374177,0.492734253,0.532884061,0.610983968,0.613734007,0.5863325,0.616780579,0.593032062,0.740236223,0.55711782,0.727635503,0.604746878,0.875609577,0.56819427,0.860399127,0.613393366,0.899799585,0.576091766,0.880711555,0.580640495,0.907202423,0.544965029,0.893190682
0.546878397,0.486289561,0.531170964,0.497611165,0.529770136,0.589851379,0.539855123,0.572535872,0.499996275,0.563096523,0.550534368,0.588109016,0.492482662,0.563326418,0.553778708,0.598079145,0.492189497,0.547731161,0.554346085,0.590397954,0.49563843,0.549269199,0.554016113,0.585816503,0.610912144,0.61729002,0.585674405,0.620305479,0.59472698,0.74117738,0.558994234,0.730585635,0.605049133,0.874584436,0.572308183,0.86021018,0.612739384,0.898074448,0.579984546,0.879664302,0.582513034,0.907677531,0.547721624,0.893328786
0.547409832,0.488957345,0.531204522,0.49736473,0.532844365,0.595505536,0.544545591,0.576483607,0.500734746,0.574597359,0.557206035,0.597732782,0.492999077,0.575913012,0.561325848,0.609318793,0.493784279,0.559600234,0.561564922,0.601117253,0.496087462,0.557695568,0.560848117,0.595764697,0.610823989,0.619063854,0.585244775,0.621583283,0.595846295,0.743899226,0.559764981,0.732511461,0.605546713,0.874889016,0.572193265,0.860902905,0.61314851,0.897931576,0.580078065,0.879948258,0.583625495,0.908641458,0.546489179,0.893788815
0.551942229,0.479320914,0.529664636,0.497045606,0.538697124,0.581118464,0.545745671,0.573433995,0.505950391,0.61765182,0.555188775,0.604481161,0.50018084,0.629657149,0.558024287,0.619987369,0.49917978,0.622135997,0.556477308,0.615657568,0.501276135,0.617279291,0.556353331,0.608607173,0.610539675,0.6178177,0.583476305,0.621118784,0.596236825,0.742997825,0.561522126,0.734879315,0.605091572,0.874835432,0.574996948,0.858970582,0.612605155,0.897830129,0.583454013,0.877851129,0.586945653,0.909463763,0.552065372,0.894460917
0.555833459,0.457054317,0.523228884,0.50015837,0.546855807,0.566598117,0.544843435,0.579010367,0.518184066,0.636745274,0.542226374,0.629380107,0.511398852,0.652874053,0.548330545,0.659587562,0.507170379,0.647987127,0.548848987,0.654523909,0.509272933,0.642304838,0.549722314,0.64404434,0.608740389,0.608904004,0.57795167,0.620757878,0.595523596,0.742751122,0.563050508,0.738874316,0.60464704,0.874820054,0.576391339,0.858993292,0.611895919,0.897783399,0.584373355,0.878091276,0.587892056,0.909432709,0.553357482,0.896530092
0.556682706,0.434983432,0.518931687,0.500149488,0.550608397,0.543221235,0.541902184,0.579495013,0.53858304,0.613967061,0.544411778,0.611500025,0.536091924,0.63276577,0.548682272,0.628320992,0.530933499,0.628685236,0.547190964,0.620241344,0.531432271,0.624801695,0.547346175,0.61435312,0.605564415,0.593684494,0.574068844,0.612006843,0.597863734,0.736610174,0.562057793,0.734079897,0.604564488,0.873700559,0.576446474,0.858725965,0.611359298,0.895527899,0.583422065,0.878225088,0.587899625,0.909397542,0.551933289,0.896588922
0.556291938,0.420960456,0.515069127,0.497555405,0.554538846,0.515003085,0.541759014,0.575519562,0.555058241,0.600585103,0.550066829,0.625386834,0.558784902,0.617760777,0.554506004,0.649181068,0.553766906,0.614143908,0.555764079,0.645045877,0.55298388,0.609193444,0.555131078,0.6344136,0.604124248,0.58786732,0.57287842,0.608475983,0.598303139,0.730521083,0.565819561,0.727559686,0.604415119,0.875099123,0.574634314,0.857733071,0.609680295,0.895567894,0.582930446,0.877421975,0.587548733,0.909512162,0.551745594,0.893880725
0.555895805,0.41508612,0.512112319,0.490009904,0.564606309,0.489027113,0.536241829,0.559657991,0.560428858,0.574559748,0.553976476,0.608886898,0.563297749,0.601646125,0.561267734,0.642930448,0.559215546,0.605350494,0.564000607,0.64195329,0.558119237,0.594072878,0.56140691,0.621943057,0.600066185,0.575172484,0.570856452,0.596483529,0.598788381,0.715015173,0.571847558,0.725653946,0.603090405,0.872885108,0.579748511,0.858049631,0.608286977,0.894558609,0.587171197,0.877447367,0.586115956,0.906409979,0.557777047,0.894899249
0.555738449,0.414087772,0.512441158,0.487031043,0.565650821,0.490127951,0.533724666,0.553422153,0.561825871,0.57321465,0.555338025,0.607753098,0.565826893,0.601410389,0.562648416,0.629033506,0.560939431,0.602371752,0.563082874,0.625054359,0.559932888,0.593778133,0.56171,0.613174736,0.598319292,0.576956391,0.569693685,0.59579587,0.598940551,0.717106104,0.5741781,0.725122929,0.602727294,0.87289691,0.58228004,0.858725548,0.608294129,0.894677222,0.589790702,0.877457857,0.585539699,0.905631781,0.561852634,0.895663977
0.557148576,0.41040352,0.510398924,0.481943101,0.569986463,0.476171017,0.530281126,0.54380846,0.54852289,0.537363768,0.554684043,0.533316195,0.549473524,0.5488801,0.564293623,0.521195531,0.54628849,0.540348172,0.563934684,0.50867492,0.544858217,0.536319792,0.562045097,0.508804858,0.597880542,0.580298185,0.566351235,0.598199189,0.598812699,0.722093463,0.571980774,0.733654797,0.602403879,0.873274744,0.580098093,0.857202888,0.607204556,0.893856704,0.587534606,0.875015438,0.585031748,0.905860066,0.560147941,0.896980703
0.557407737,0.408299327,0.508973062,0.470350772,0.568954349,0.4756881,0.529031515,0.531757176,0.544188261,0.518272579,0.557062209,0.473529845,0.546325862,0.537112236,0.564350247,0.457276404,0.539749146,0.517419934,0.563625216,0.450062901,0.53938365,0.514793932,0.56147325,0.454827547,0.59443748,0.581257224,0.562488914,0.598972857,0.598454118,0.726160586,0.564404368,0.737447619,0.600931287,0.875068128,0.578550696,0.856769741,0.60498786,0.894563138,0.582738578,0.87469548,0.584473789,0.907341421,0.557399869,0.896988153
0.563554943,0.412011087,0.508300781,0.458954662,0.564968646,0.48524332,0.523720741,0.518319488,0.539821863,0.462611616,0.544437349,0.454464853,0.534581125,0.453563362,0.549143255,0.44559902,0.537848234,0.441593289,0.550783753,0.432367295,0.538627863,0.445747048,0.549871922,0.436652124,0.591947198,0.582757056,0.557664275,0.600142539,0.596892655,0.736096025,0.553563714,0.747666955,0.599615455,0.876031816,0.573860168,0.856237054,0.604500473,0.895054638,0.574020982,0.874930978,0.582099319,0.909198701,0.552573919,0.898149252
0.567382216,0.403571963,0.509383559,0.445203394,0.566094637,0.46719119,0.515719175,0.509118378,0.544353664,0.461984098,0.532225728,0.466815442,0.539364934,0.454019934,0.536676228,0.457094282,0.538457215,0.444260478,0.536213517,0.446987033,0.539318085,0.446579248,0.535584271,0.450186998,0.588167369,0.584395587,0.552253187,0.600949883,0.594097912,0.736061692,0.545185328,0.74530232,0.59767592,0.876330674,0.562393129,0.857453763,0.602887213,0.895533919,0.56596899,0.875025094,0.580693722,0.909182966,0.545725644,0.898252547
0.567005873,0.401515037,0.509090483,0.440547615,0.567989826,0.459473461,0.51249963,0.509187222,0.542705715,0.470764667,0.523344278,0.474855691,0.537977576,0.467187881,0.525981009,0.46354112,0.5371176,0.458404243,0.526516795,0.454689234,0.537826478,0.459351093,0.526856422,0.457074493,0.583185732,0.584642231,0.547091603,0.601520777,0.59199059,0.738637567,0.53474468,0.743505418,0.596611381,0.877694845,0.547065914,0.862819254,0.600825131,0.896948218,0.552882135,0.878343701,0.580713511,0.911424518,0.527876616,0.908626795
0.566583455,0.39989233,0.509540021,0.438314617,0.567729473,0.453910559,0.513149142,0.505022049,0.542419732,0.471585453,0.524698853,0.47318399,0.537626386,0.467748731,0.528601706,0.461566448,0.53486371,0.459111452,0.529394746,0.45312047,0.537376463,0.459185272,0.528995633,0.455461591,0.582476974,0.585479796,0.546692073,0.601907194,0.589771986,0.738587856,0.533108711,0.742439806,0.595284045,0.877802134,0.546396852,0.86414516,0.600105107,0.896977842,0.551415682,0.878483653,0.580686092,0.913553357,0.52368927,0.910661578
0.56578964,0.400621802,0.508932889,0.437954158,0.566908479,0.456729919,0.511339247,0.511827826,0.541811168,0.475796252,0.518259883,0.486849964,0.536629796,0.470967114,0.521380067,0.47399649,0.532866359,0.463085502,0.521877706,0.464936882,0.535570383,0.46464169,0.522027671,0.467777222,0.578074038,0.585920513,0.542841315,0.601893902,0.586757064,0.738267958,0.52874285,0.741621375,0.595395207,0.877937675,0.533064067,0.865088582,0.600225389,0.896711707,0.539480865,0.882095397,0.580194294,0.913514197,0.512917638,0.909876227
0.565341234,0.402192652,0.507178903,0.440280527,0.564852655,0.460096091,0.508322299,0.514207006,0.532268286,0.484116733,0.514494419,0.49249512,0.52124691,0.484133691,0.517196536,0.481164813,0.518614054,0.477300972,0.516875982,0.473196208,0.522980869,0.477216035,0.517606378,0.47521919,0.573318958,0.587793827,0.537881732,0.602054477,0.582859695,0.73802352,0.519497573,0.740324974,0.595149577,0.875950634,0.516280591,0.867749453,0.600569367,0.896120131,0.523942828,0.885963619,0.579443872,0.913804114,0.487347692,0.90396142
0.562778592,0.40361613,0.505160213,0.441226184,0.561165214,0.460730016,0.501951635,0.506978035,0.527131319,0.490027696,0.513746858,0.48153609,0.516423106,0.491436601,0.511600912,0.486583322,0.512905478,0.483175904,0.512834191,0.479394704,0.516434431,0.483264744,0.513765693,0.480736554,0.56916213,0.59213835,0.533126891,0.603269458,0.577397704,0.73819226,0.513915598,0.739386559,0.594296873,0.875765085,0.512061238,0.871095896,0.60018152,0.895959914,0.517976999,0.889090717,0.578261316,0.914790571,0.482563198,0.900899529
0.55998683,0.406388909,0.502352178,0.444090903,0.555596471,0.460809886,0.496517837,0.510413706,0.523943961,0.49134928,0.498126596,0.488103777,0.514742315,0.498470575,0.496463209,0.492527097,0.509879529,0.497221589,0.498744577,0.498095691,0.513504446,0.495401919,0.500189185,0.497079223,0.564624071,0.597256005,0.528558135,0.606328428,0.572412014,0.738403559,0.508121789,0.735536933,0.593278408,0.874856889,0.508317351,0.871080637,0.598903477,0.894628286,0.515081584,0.889572918,0.578156114,0.914481342,0.480935037,0.897534192
0.556951702,0.413933188,0.49875617,0.449319512,0.553806901,0.468564957,0.493096828,0.525298119,0.520380735,0.511085689,0.492908299,0.496189952,0.510273576,0.523567438,0.49339956,0.498988628,0.505547166,0.520547926,0.493906915,0.498943418,0.508559585,0.517631948,0.494992912,0.498774856,0.560886264,0.603015065,0.523562133,0.609091043,0.567029595,0.740588725,0.503645718,0.735336542,0.588271141,0.873678565,0.506719708,0.872210443,0.591190636,0.891058862,0.512757003,0.889755309,0.580445886,0.914485276,0.487798035,0.898397088
0.556290507,0.417813122,0.499085486,0.45256272,0.553205252,0.470993042,0.492813498,0.528672397,0.520299852,0.515715361,0.500593543,0.498123944,0.510620773,0.53004539,0.504240036,0.502314985,0.505544126,0.525714397,0.505052805,0.49919489,0.508943379,0.521803916,0.50236994,0.500708878,0.560340941,0.607263207,0.523941875,0.612389445,0.566885829,0.742286742,0.503638804,0.734146178,0.58813262,0.872701526,0.508842289,0.871383727,0.591441512,0.889764547,0.514752328,0.887255073,0.580738962,0.91439873,0.489650577,0.898205578
0.554637194,0.422039568,0.497756809,0.455799192,0.553212345,0.474883258,0.492444277,0.530972123,0.518151402,0.525113463,0.488052189,0.531039119,0.508585334,0.543586552,0.48884052,0.543127418,0.502829432,0.53888309,0.491893858,0.535879791,0.506216407,0.534023583,0.496136487,0.530610383,0.558601439,0.608932734,0.52266252,0.614065826,0.561344564,0.744140089,0.501019359,0.734015822,0.583141208,0.872594357,0.509793222,0.871388853,0.585693002,0.889989018,0.517201006,0.889079809,0.578250766,0.914352059,0.48704046,0.897939622
0.553286552,0.426870823,0.496728569,0.458000004,0.549893379,0.48229748,0.493424505,0.531937718,0.514870942,0.53582412,0.487352371,0.546204448,0.504989982,0.553628564,0.485312462,0.559639931,0.499298632,0.548250079,0.490173519,0.553236544,0.502728283,0.543596268,0.492252201,0.547501385,0.557142615,0.610306859,0.52189517,0.615197718,0.557792723,0.744098246,0.49902916,0.733323693,0.576468349,0.874826372,0.509878278,0.871320248,0.580381989,0.892953038,0.517715096,0.888797224,0.565638423,0.912637472,0.483373106,0.895048499
0.552227855,0.428199798,0.495395362,0.460957557,0.548830807,0.488930643,0.49339205,0.544046462,0.513710082,0.544389367,0.477096736,0.564502358,0.503938794,0.560595393,0.469281733,0.572420418,0.498578608,0.556019127,0.46948728,0.566488206,0.50142467,0.551303506,0.476762384,0.566841841,0.556304634,0.610860288,0.520670354,0.615156472,0.554852724,0.744373083,0.499075115,0.732419133,0.567590654,0.874917507,0.510928512,0.87113452,0.568462312,0.892434001,0.518834591,0.888581574,0.560290277,0.911939144,0.484033525,0.895000517
0.551058829,0.427458584,0.494769961,0.461786389,0.548617482,0.490440398,0.492874324,0.542819083,0.513917089,0.549464941,0.481838405,0.561876535,0.503949761,0.567054212,0.47546953,0.575221658,0.497695446,0.560522556,0.480585337,0.5671103,0.500652969,0.555463135,0.482351929,0.563423157,0.555839419,0.610857308,0.520903409,0.614859462,0.552032471,0.744285226,0.499632418,0.732293725,0.556705356,0.874847353,0.510279775,0.869854391,0.559037089,0.892915487,0.518956065,0.88853091,0.544417262,0.907784283,0.483604848,0.894379199
0.55089277,0.426925153,0.494233996,0.462287277,0.547261178,0.49266386,0.492835343,0.541607082,0.512485325,0.552852333,0.482905328,0.565589845,0.502229333,0.570440114,0.477434486,0.57911557,0.495994747,0.562960505,0.483567655,0.571269989,0.498969167,0.557671785,0.484039366,0.569405198,0.555839539,0.61039257,0.520606995,0.61461693,0.551077247,0.744100869,0.500938237,0.731499553,0.549819827,0.874841452,0.50858134,0.866975248,0.552459359,0.893050373,0.516968608,0.885354459,0.537582457,0.905780256,0.483712047,0.894083977
0.550759733,0.42660585,0.493753046,0.462354541,0.546790719,0.492765546,0.492853016,0.541303635,0.512402415,0.552980185,0.483388007,0.566854477,0.502398789,0.570669055,0.47841993,0.581059992,0.496158183,0.56333375,0.484309107,0.573669374,0.499110401,0.558130383,0.4844625,0.5710271,0.555908799,0.610185266,0.520660043,0.614443064,0.551123679,0.743950903,0.501147389,0.731491506,0.548939466,0.875293791,0.507987738,0.865128636,0.551477551,0.894304812,0.516681254,0.883981645,0.53633225,0.905600905,0.482258081,0.893366694
0.550753534,0.426396132,0.493894398,0.462256789,0.546825767,0.493733227,0.493074566,0.541004956,0.512425721,0.554865301,0.486254066,0.569699585,0.502059102,0.571842432,0.482442141,0.584729314,0.495787561,0.564726949,0.487200916,0.575622737,0.498850286,0.559846818,0.487953007,0.57093513,0.555860877,0.610154867,0.520656884,0.614329457,0.551148534,0.744172513,0.501342893,0.733000278,0.54645443,0.876497746,0.508090794,0.865152299,0.547622561,0.896466851,0.517159343,0.885612309,0.537721515,0.905367434,0.482054234,0.893082321
0.550851226,0.425825804,0.494396538,0.462193906,0.54726541,0.49331063,0.493460983,0.540405154,0.51259917,0.553851426,0.484450042,0.56846422,0.502373397,0.570859551,0.479630291,0.583641529,0.496268183,0.564656675,0.485594362,0.575204492,0.499374568,0.559589326,0.486278683,0.570608974,0.555938542,0.610351801,0.521090686,0.614224672,0.551118016,0.745968044,0.502032697,0.7381742,0.546972394,0.877481997,0.50864923,0.865273714,0.549012125,0.898325443,0.517820776,0.886734068,0.540986359,0.910074174,0.482471615,0.892991722
0.551039577,0.424356461,0.494462073,0.461714804,0.547471225,0.492638439,0.493550628,0.539997995,0.513213038,0.552234411,0.485993713,0.567299128,0.502943099,0.57005018,0.481449366,0.582104802,0.497166634,0.564632475,0.487071663,0.572882891,0.500280499,0.559180677,0.487579405,0.568025887,0.556531549,0.610170424,0.521648586,0.613845408,0.551256537,0.746221006,0.502533853,0.738423765,0.547228515,0.878959894,0.508890748,0.865294039,0.549326658,0.900316775,0.518026948,0.88682431,0.540805697,0.912866354,0.482889116,0.892922521
0.551814556,0.423986465,0.494751543,0.46110183,0.547683835,0.492725492,0.495280445,0.53971678,0.513539195,0.552872181,0.489267737,0.569820762,0.503411055,0.571355164,0.48895064,0.584886074,0.497757256,0.565443099,0.489578426,0.582070947,0.500849605,0.559954047,0.49082002,0.575021505,0.556882679,0.610062838,0.521855772,0.613039076,0.551996171,0.746140957,0.503411889,0.738305151,0.546908557,0.879377425,0.509265423,0.865318716,0.548613489,0.900816858,0.517994642,0.88680774,0.534196079,0.908220053,0.483206272,0.89256084
0.553471386,0.423235029,0.495687395,0.460468918,0.548730016,0.492081821,0.498081148,0.539836526,0.514734149,0.552296638,0.489955425,0.575190246,0.504889846,0.570982993,0.489079654,0.589868963,0.498265684,0.564509153,0.489783049,0.589911103,0.501642585,0.558880091,0.491150916,0.58180058,0.558132291,0.610386372,0.521953583,0.613009691,0.552479744,0.746882617,0.50526917,0.738115549,0.546432257,0.879452765,0.509414315,0.865441024,0.54763484,0.901097715,0.517808855,0.886876523,0.538787127,0.908317626,0.483074367,0.892257154
0.554503739,0.42292878,0.49638015,0.45969674,0.549295127,0.491790801,0.499688238,0.5400213,0.515092969,0.552509964,0.490689039,0.575690866,0.505062938,0.571229398,0.489085138,0.588829696,0.498427063,0.564288378,0.489951223,0.590069473,0.501711249,0.558608651,0.491290182,0.582082152,0.558928609,0.610672057,0.52200532,0.612986684,0.552757204,0.747398794,0.506211221,0.738046885,0.546311498,0.87949717,0.509486198,0.865553796,0.547341049,0.901226699,0.517691493,0.886975527,0.54080236,0.908542991,0.482975423,0.892078638
0.555532277,0.421000808,0.497388363,0.459212124,0.551122129,0.490635604,0.50064683,0.539464295,0.516402721,0.551954269,0.491122335,0.575668573,0.506692827,0.571313024,0.48962307,0.589059055,0.500100374,0.564725637,0.490069866,0.590123594,0.503419399,0.558650136,0.491362333,0.582142413,0.560623586,0.610505164,0.523317754,0.612506926,0.553038478,0.747369885,0.507431746,0.737805784,0.54661411,0.879473984,0.50963366,0.866258383,0.545710385,0.900272548,0.517812312,0.887526393,0.541846752,0.908156753,0.483200461,0.892115355
0.557494879,0.420160592,0.498802722,0.458334804,0.553440988,0.490533412,0.501379192,0.539951622,0.518769145,0.552220047,0.490245163,0.57408464,0.509155154,0.571937919,0.488950491,0.590010941,0.502613008,0.565354168,0.487056017,0.58679235,0.505912423,0.559066534,0.489714622,0.579524815,0.562511325,0.61013782,0.525342584,0.611495674,0.553199887,0.747369707,0.508298159,0.737593949,0.54685694,0.879215598,0.509741306,0.867033839,0.545544267,0.898686528,0.517711818,0.887785256,0.542314649,0.908137441,0.483275265,0.892257333
0.55934155,0.417939156,0.501436651,0.455386013,0.557134271,0.488610119,0.50307107,0.53586328,0.523402512,0.551822305,0.491145611,0.575101435,0.513898849,0.571415424,0.490440935,0.590200067,0.507692099,0.565140426,0.489144713,0.585210562,0.510633707,0.558802843,0.490364939,0.582333922,0.564783394,0.607996285,0.52750814,0.608742893,0.554839015,0.746752262,0.509853423,0.73745966,0.547114134,0.877748549,0.509502947,0.867239475,0.545561969,0.895133615,0.516714513,0.887444794,0.542439759,0.907376409,0.483391047,0.892720938
0.562025964,0.416667044,0.503397942,0.454614818,0.559275031,0.488688946,0.505266011,0.538871706,0.526458263,0.552934885,0.49102369,0.583460093,0.517379224,0.572619975,0.486493766,0.600508869,0.512189031,0.566067994,0.485128075,0.593376219,0.514513373,0.559970021,0.486964375,0.588698924,0.567165792,0.606593609,0.530026078,0.606272697,0.555655122,0.743594587,0.51263994,0.732093751,0.547319531,0.876751602,0.509571671,0.867057145,0.545743823,0.89341855,0.516747773,0.886704326,0.542851388,0.906344414,0.483474821,0.89274019
0.56376791,0.414369851,0.50610286,0.452854872,0.561481714,0.488537252,0.507734478,0.536979675,0.528417706,0.55551827,0.497498095,0.581885517,0.51941067,0.576927006,0.493785053,0.599621356,0.514287293,0.570081413,0.493988931,0.592295706,0.516752601,0.56339246,0.497552782,0.586322904,0.569488406,0.604520738,0.533177912,0.603571475,0.556979775,0.740759015,0.514510274,0.72886157,0.547547817,0.876180172,0.50962317,0.867698073,0.545806468,0.892064989,0.516644716,0.886727333,0.543176532,0.906144738,0.483708471,0.894180357
0.564500451,0.413523644,0.507014692,0.450783104,0.562011778,0.488507509,0.508370638,0.535346985,0.529552639,0.556061566,0.501814842,0.580154896,0.521105945,0.577196181,0.498325258,0.598254502,0.515732646,0.570682347,0.49977079,0.590607345,0.518325686,0.563893139,0.503583312,0.58449167,0.56968236,0.60375011,0.533727407,0.602617323,0.558036864,0.740983725,0.515241206,0.728371203,0.54766804,0.876130223,0.509667456,0.868351817,0.545613587,0.892231226,0.516364932,0.886875749,0.543400347,0.905932724,0.483851999,0.894729972
