,LEFT_SHOULDER_X,LEFT_SHOULDER_Y,LEFT_SHOULDER_Z,RIGHT_SHOULDER_X,RIGHT_SHOULDER_Y,RIGHT_SHOULDER_Z,LEFT_ELBOW_X,LEFT_ELBOW_Y,LEFT_ELBOW_Z,RIGHT_ELBOW_X,RIGHT_ELBOW_Y,RIGHT_ELBOW_Z,LEFT_WRIST_X,LEFT_WRIST_Y,LEFT_WRIST_Z,RIGHT_WRIST_X,RIGHT_WRIST_Y,RIGHT_WRIST_Z,LEFT_HIP_X,LEFT_HIP_Y,LEFT_HIP_Z,RIGHT_HIP_X,RIGHT_HIP_Y,RIGHT_HIP_Z,LEFT_KNEE_X,LEFT_KNEE_Y,LEFT_KNEE_Z,RIGHT_KNEE_X,RIGHT_KNEE_Y,RIGHT_KNEE_Z,LEFT_ANKLE_X,LEFT_ANKLE_Y,LEFT_ANKLE_Z,RIGHT_ANKLE_X,RIGHT_ANKLE_Y,RIGHT_ANKLE_Z,LEFT_HEEL_X,LEFT_HEEL_Y,LEFT_HEEL_Z,RIGHT_HEEL_X,RIGHT_HEEL_Y,RIGHT_HEEL_Z,LEFT_FOOT_INDEX_X,LEFT_FOOT_INDEX_Y,LEFT_FOOT_INDEX_Z,RIGHT_FOOT_INDEX_X,RIGHT_FOOT_INDEX_Y,RIGHT_FOOT_INDEX_Z
0,0.4889267086982727,0.3808589279651642,-0.2780018448829651,0.41372817754745483,0.38843026757240295,-0.18307967483997345,0.4938785433769226,0.4281986653804779,-0.2769588530063629,0.4389009177684784,0.4249986708164215,-0.14354795217514038,0.4738200008869171,0.4656968116760254,-0.32492658495903015,0.45342475175857544,0.4640898108482361,-0.22031114995479584,0.5080758929252625,0.4464835226535797,-0.03391304612159729,0.45917433500289917,0.44661378860473633,0.03385885804891586,0.4943220317363739,0.5013213753700256,-0.13877242803573608,0.4438132047653198,0.4978641867637634,-0.06193044036626816,0.49631139636039734,0.5608965754508972,-0.0963580310344696,0.44034749269485474,0.5610060095787048,-0.03081679157912731,0.496383398771286,0.5695173144340515,-0.10048962384462357,0.447157084941864,0.5691245198249817,-0.03495444729924202,0.479735791683197,0.5747947692871094,-0.23320317268371582,0.3996680676937103,0.5730725526809692,-0.1538722813129425
1,0.4847705066204071,0.3805375099182129,-0.3241775929927826,0.4074457287788391,0.3892344832420349,-0.1863749772310257,0.494509756565094,0.4244155287742615,-0.32026779651641846,0.4355810284614563,0.42621928453445435,-0.13124629855155945,0.4715518653392792,0.46427249908447266,-0.3892582058906555,0.4453592598438263,0.46244993805885315,-0.22712881863117218,0.5087278485298157,0.4456539750099182,-0.04872773960232735,0.4608061909675598,0.44698333740234375,0.04884070158004761,0.49297696352005005,0.500950038433075,-0.2008860856294632,0.4415228068828583,0.49782904982566833,-0.07555423676967621,0.49535423517227173,0.5598400235176086,-0.13986240327358246,0.4360039532184601,0.5611280798912048,-0.016555534675717354,0.4963829815387726,0.569292426109314,-0.14305436611175537,0.44401830434799194,0.5696533918380737,-0.018553191795945168,0.4779589772224426,0.5747377872467041,-0.2838645577430725,0.3954768180847168,0.5730928778648376,-0.1374867707490921
2,0.4828892648220062,0.3802492916584015,-0.33194243907928467,0.4045385718345642,0.3896583020687103,-0.1965102106332779,0.4898485541343689,0.4244146943092346,-0.31615209579467773,0.4326845705509186,0.4268261790275574,-0.13154369592666626,0.4696345925331116,0.4628463685512543,-0.38584983348846436,0.43937820196151733,0.4625052511692047,-0.23703444004058838,0.5087874531745911,0.44509291648864746,-0.051417723298072815,0.46144869923591614,0.4470146596431732,0.051537688821554184,0.4902433753013611,0.5001326203346252,-0.20035190880298615,0.4412819445133209,0.498034805059433,-0.07180038094520569,0.4928218424320221,0.5598530769348145,-0.13577036559581757,0.43490391969680786,0.5613930225372314,-7.404688221868128e-05,0.4931110441684723,0.5692912340164185,-0.1386246532201767,0.4441182315349579,0.5700512528419495,-0.002117929747328162,0.47621577978134155,0.574661135673523,-0.28196388483047485,0.39423882961273193,0.5734332799911499,-0.12431290745735168
3,0.4759862720966339,0.3802870512008667,-0.34392645955085754,0.3964880704879761,0.3899461627006531,-0.20176154375076294,0.4814886450767517,0.42444342374801636,-0.32800668478012085,0.42538732290267944,0.42694926261901855,-0.13299740850925446,0.45732685923576355,0.46246272325515747,-0.3973136842250824,0.42696574330329895,0.46215957403182983,-0.24299949407577515,0.5046156048774719,0.44326072931289673,-0.05478071793913841,0.45816290378570557,0.4463435709476471,0.05491231754422188,0.48187920451164246,0.4989391267299652,-0.21645590662956238,0.43531084060668945,0.498981773853302,-0.04617663100361824,0.48561879992485046,0.559887707233429,-0.16322866082191467,0.4284158945083618,0.5612549781799316,0.020541977137327194,0.4862406849861145,0.5692826509475708,-0.16718629002571106,0.438175231218338,0.5700489282608032,0.018319396302103996,0.4678528308868408,0.5747069716453552,-0.3127474784851074,0.39130452275276184,0.5735863447189331,-0.10270553082227707
4,0.47157859802246094,0.3809400200843811,-0.34054020047187805,0.39255303144454956,0.38998013734817505,-0.2010623663663864,0.4745725393295288,0.42455506324768066,-0.321042537689209,0.4207732379436493,0.4269343912601471,-0.13263188302516937,0.45210394263267517,0.46187347173690796,-0.38781529664993286,0.42201200127601624,0.4618294835090637,-0.24349981546401978,0.5001748204231262,0.44183167815208435,-0.055647075176239014,0.45315590500831604,0.4450456500053406,0.055771101266145706,0.47583720088005066,0.4988540709018707,-0.19498352706432343,0.43116265535354614,0.4996001720428467,-0.04405108094215393,0.48133647441864014,0.560282289981842,-0.1559988260269165,0.42360907793045044,0.561225175857544,0.005220609717071056,0.4835412800312042,0.5701935291290283,-0.16118279099464417,0.43445920944213867,0.5700761079788208,0.0018961175810545683,0.46060943603515625,0.5747013092041016,-0.3003188371658325,0.3888888955116272,0.5736987590789795,-0.11797468364238739
5,0.4709089398384094,0.3836224377155304,-0.33379724621772766,0.3931029140949249,0.3901670575141907,-0.195686474442482,0.47318923473358154,0.42711693048477173,-0.3141724765300751,0.4190951883792877,0.42701205611228943,-0.12119119614362717,0.4480445384979248,0.4619743824005127,-0.3776850402355194,0.4204930067062378,0.4619007110595703,-0.23795951902866364,0.49996909499168396,0.44198861718177795,-0.05696359649300575,0.45271721482276917,0.44445618987083435,0.05705313757061958,0.47521889209747314,0.49894875288009644,-0.2021467685699463,0.430684357881546,0.5004259347915649,-0.05133993923664093,0.4819110035896301,0.5616520643234253,-0.16359873116016388,0.42407679557800293,0.5613619685173035,-0.003145026508718729,0.48444125056266785,0.5716937780380249,-0.16846030950546265,0.4352497160434723,0.570700466632843,-0.00677120266482234,0.4603661298751831,0.5750077366828918,-0.30625173449516296,0.3898928761482239,0.5742875933647156,-0.12693636119365692
6,0.47311320900917053,0.3836418390274048,-0.33897021412849426,0.3956209421157837,0.3878554701805115,-0.18256403505802155,0.4749809801578522,0.42680126428604126,-0.32770857214927673,0.42141860723495483,0.4236932396888733,-0.10538002848625183,0.44665196537971497,0.4600343704223633,-0.3911120593547821,0.41923925280570984,0.4585858881473541,-0.2211805284023285,0.5002700686454773,0.4413009583950043,-0.0595972016453743,0.45385223627090454,0.44392985105514526,0.059700917452573776,0.47745683789253235,0.4980694353580475,-0.19156059622764587,0.4313869774341583,0.5005954504013062,-0.03568695858120918,0.4834459125995636,0.5592498183250427,-0.1296442300081253,0.4257808327674866,0.5608658790588379,0.029886027798056602,0.48533540964126587,0.5687993764877319,-0.1331401765346527,0.43630990386009216,0.570008397102356,0.02809033915400505,0.4631108045578003,0.5744449496269226,-0.2669755220413208,0.3901370167732239,0.5737785696983337,-0.0874185860157013
7,0.4731872081756592,0.3805740177631378,-0.3371339738368988,0.39687299728393555,0.3839839994907379,-0.1767818182706833,0.4683152139186859,0.42367443442344666,-0.32207000255584717,0.4197172522544861,0.41871771216392517,-0.09714633226394653,0.4363449215888977,0.4559672474861145,-0.38224661350250244,0.41323962807655334,0.45139995217323303,-0.21698494255542755,0.5008406043052673,0.4367787837982178,-0.058393556624650955,0.45400169491767883,0.43935856223106384,0.05848684161901474,0.476896196603775,0.4947754442691803,-0.14629864692687988,0.43085139989852905,0.4952859878540039,-0.02756643109023571,0.48291635513305664,0.5528401732444763,-0.07428080588579178,0.4261152446269989,0.5555795431137085,0.05612119659781456,0.482665479183197,0.561048686504364,-0.07702527940273285,0.4361560344696045,0.5636494159698486,0.055928535759449005,0.46418634057044983,0.570020854473114,-0.21296048164367676,0.39303669333457947,0.5688643455505371,-0.06026119738817215
8,0.4687269330024719,0.37938064336776733,-0.33331000804901123,0.39578330516815186,0.38178715109825134,-0.15300984680652618,0.4635826647281647,0.42120903730392456,-0.32244589924812317,0.4153873026371002,0.4167088568210602,-0.07664017379283905,0.42933204770088196,0.452913373708725,-0.3793145418167114,0.40855053067207336,0.4482971727848053,-0.20133215188980103,0.4988501965999603,0.43625378608703613,-0.06216949224472046,0.45400458574295044,0.4381529688835144,0.062281448394060135,0.47400256991386414,0.4942280650138855,-0.14595429599285126,0.42317450046539307,0.4946962893009186,-0.0321296751499176,0.480014830827713,0.5505799055099487,-0.0786372497677803,0.42376741766929626,0.553086519241333,0.052708737552165985,0.4801313281059265,0.5586187243461609,-0.08158998191356659,0.4334971010684967,0.5613600015640259,0.05285319685935974,0.4646528959274292,0.5679847002029419,-0.2159993052482605,0.3916175365447998,0.5661800503730774,-0.059689536690711975
9,0.46862444281578064,0.38072413206100464,-0.3048610985279083,0.3964904844760895,0.3821040093898773,-0.12540633976459503,0.4642442464828491,0.4209306240081787,-0.3026929497718811,0.41295915842056274,0.41676241159439087,-0.06507488340139389,0.4255965054035187,0.44918376207351685,-0.3586576581001282,0.4073381721973419,0.446993887424469,-0.19810958206653595,0.49833065271377563,0.43716755509376526,-0.06323111802339554,0.45424795150756836,0.43899089097976685,0.0633435845375061,0.47233229875564575,0.4940272271633148,-0.14641320705413818,0.42023560404777527,0.49381566047668457,-0.036420028656721115,0.47844356298446655,0.5507204532623291,-0.07757507264614105,0.4222821593284607,0.5517526268959045,0.05050451308488846,0.47688382863998413,0.5589975118637085,-0.08023244142532349,0.4321300983428955,0.5600419640541077,0.05087337642908096,0.4648524522781372,0.567333996295929,-0.21393612027168274,0.3913222551345825,0.5644153356552124,-0.061313971877098083
10,0.4697439968585968,0.37926745414733887,-0.2828003764152527,0.4044863283634186,0.3789614140987396,-0.09264227747917175,0.4670149087905884,0.4181101322174072,-0.26879754662513733,0.42037057876586914,0.41201573610305786,-0.005694442428648472,0.43113601207733154,0.44438451528549194,-0.31663423776626587,0.41242310404777527,0.43963831663131714,-0.11941419541835785,0.5032275915145874,0.4336751401424408,-0.06565412878990173,0.46323156356811523,0.4356379508972168,0.06576081365346909,0.47432786226272583,0.4891696572303772,-0.1575694978237152,0.4225657284259796,0.4871486723423004,-0.04851540923118591,0.48131027817726135,0.5467661619186401,-0.10136536508798599,0.4229384958744049,0.5451377630233765,0.042784832417964935,0.48174530267715454,0.5554110407829285,-0.10488668084144592,0.43318504095077515,0.5542583465576172,0.04014291614294052,0.4677233397960663,0.5629669427871704,-0.22779829800128937,0.39413461089134216,0.5586846470832825,-0.07639438658952713
11,0.4774385094642639,0.3777162432670593,-0.26288118958473206,0.41213545203208923,0.37767475843429565,-0.08554956316947937,0.47287517786026,0.4166882038116455,-0.2556488811969757,0.4238010048866272,0.4106399118900299,-0.01782527007162571,0.4348403215408325,0.440926730632782,-0.31008753180503845,0.41468942165374756,0.4377455711364746,-0.14508913457393646,0.5090723037719727,0.43350452184677124,-0.06396248936653137,0.46850574016571045,0.43584293127059937,0.06405912339687347,0.48270145058631897,0.48835763335227966,-0.1604560911655426,0.42397528886795044,0.48716074228286743,-0.054367292672395706,0.49201634526252747,0.5441015362739563,-0.08813922107219696,0.42783626914024353,0.5433344841003418,0.040565863251686096,0.4942338168621063,0.5519327521324158,-0.08940519392490387,0.4373209774494171,0.5512460470199585,0.041067495942115784,0.4845553934574127,0.5607714056968689,-0.21873944997787476,0.39900290966033936,0.5562476515769958,-0.06606011092662811
12,0.4877360165119171,0.38060179352760315,-0.27785712480545044,0.4225531220436096,0.37867337465286255,-0.10772299021482468,0.4857868552207947,0.4190943241119385,-0.263426810503006,0.43176889419555664,0.4125903248786926,-0.048841480165719986,0.435768723487854,0.4440877437591553,-0.29781216382980347,0.4237453043460846,0.4368569850921631,-0.16155119240283966,0.5183026194572449,0.4352506697177887,-0.06281737983226776,0.4763200879096985,0.4363267421722412,0.06290656328201294,0.4933840036392212,0.4899160861968994,-0.16955995559692383,0.42943429946899414,0.48903530836105347,-0.06857553869485855,0.5051006078720093,0.5468634366989136,-0.0989731028676033,0.43552669882774353,0.5464626550674438,0.03205405920743942,0.5073162913322449,0.5550760626792908,-0.0987258180975914,0.44534844160079956,0.5544423460960388,0.03716835007071495,0.49263331294059753,0.5630499124526978,-0.22693276405334473,0.40481939911842346,0.5587476491928101,-0.07478855550289154
13,0.49505898356437683,0.3818318247795105,-0.28387942910194397,0.4263899624347687,0.3791806101799011,-0.11298196762800217,0.4967843294143677,0.42052021622657776,-0.27227190136909485,0.4353087544441223,0.4137689173221588,-0.06751462817192078,0.4419170022010803,0.4438571035861969,-0.31771883368492126,0.4274754524230957,0.4383562207221985,-0.2220226526260376,0.5230354070663452,0.43634510040283203,-0.06231275573372841,0.47972890734672546,0.4374752938747406,0.06239915266633034,0.4992424547672272,0.49069374799728394,-0.22917522490024567,0.4317876696586609,0.48814982175827026,-0.08368837088346481,0.5120843052864075,0.5474741458892822,-0.18511506915092468,0.436012864112854,0.546225368976593,0.014499356970191002,0.5176487565040588,0.556160569190979,-0.1886848509311676,0.4468514621257782,0.5542001724243164,0.017610402777791023,0.49051955342292786,0.5641211271286011,-0.32283708453178406,0.40312907099723816,0.5563404560089111,-0.0814720019698143
14,0.4964190125465393,0.38181525468826294,-0.2871008813381195,0.42571911215782166,0.3798065781593323,-0.10597642511129379,0.49593111872673035,0.4202139973640442,-0.319835364818573,0.4342504143714905,0.4136123061180115,-0.07892029732465744,0.4459986388683319,0.4411698877811432,-0.3888493776321411,0.4273400902748108,0.43744057416915894,-0.24957098066806793,0.5213037133216858,0.43642058968544006,-0.06350545585155487,0.47800615429878235,0.43785685300827026,0.0635996013879776,0.4999505281448364,0.48800531029701233,-0.2520565092563629,0.431691437959671,0.4847709536552429,-0.07514352351427078,0.5138042569160461,0.5484414100646973,-0.2087629735469818,0.4348974823951721,0.5412939786911011,0.018904369324445724,0.5194522142410278,0.5569243431091309,-0.21309979259967804,0.445938378572464,0.5507436990737915,0.02196328714489937,0.49287042021751404,0.5630184412002563,-0.34980282187461853,0.3961758017539978,0.5514075756072998,-0.07564887404441833
15,0.49793484807014465,0.3822355270385742,-0.2981695532798767,0.425872266292572,0.3799721598625183,-0.1023072674870491,0.4999983608722687,0.4203735888004303,-0.3359180986881256,0.4338535666465759,0.41257429122924805,-0.04541328176856041,0.4514603912830353,0.43941107392311096,-0.40655848383903503,0.4269840717315674,0.43816882371902466,-0.17158544063568115,0.5202652812004089,0.43774741888046265,-0.06520719826221466,0.477375864982605,0.43906354904174805,0.0653306245803833,0.4998355507850647,0.4881730079650879,-0.25666365027427673,0.4301205575466156,0.4846726953983307,-0.08611082285642624,0.5161945819854736,0.5488974452018738,-0.20483629405498505,0.43121278285980225,0.5408402681350708,0.017205767333507538,0.5215513706207275,0.5570601224899292,-0.20843088626861572,0.44289863109588623,0.550111711025238,0.0201253741979599,0.49540406465530396,0.5633581876754761,-0.3480607271194458,0.3896940052509308,0.5502250790596008,-0.07793434709310532
16,0.49803870916366577,0.38349583745002747,-0.29815348982810974,0.42620307207107544,0.380219042301178,-0.100005142390728,0.5021043419837952,0.4205794930458069,-0.34583666920661926,0.4351508617401123,0.4126673638820648,-0.05380573868751526,0.4529075622558594,0.43780359625816345,-0.43512699007987976,0.42681968212127686,0.4379350543022156,-0.19009490311145782,0.5191943049430847,0.4407484531402588,-0.06588852405548096,0.476388156414032,0.4416130483150482,0.0660199448466301,0.4989928901195526,0.48856979608535767,-0.2509254217147827,0.4278949201107025,0.4855998456478119,-0.08619639277458191,0.5171805024147034,0.5495204925537109,-0.1983610838651657,0.42697492241859436,0.5415536761283875,0.024092817679047585,0.5225412845611572,0.5573309063911438,-0.20220541954040527,0.439237117767334,0.5508535504341125,0.027839867398142815,0.4933334290981293,0.5637248754501343,-0.34134721755981445,0.3854811489582062,0.5501696467399597,-0.07072179019451141
17,0.4988507628440857,0.3853675425052643,-0.3181892931461334,0.42560112476348877,0.38094398379325867,-0.1206556037068367,0.5044106245040894,0.4227420687675476,-0.376723974943161,0.43464890122413635,0.41288939118385315,-0.08341498672962189,0.4565744698047638,0.43665093183517456,-0.48120561242103577,0.42703601717948914,0.4386900067329407,-0.22729219496250153,0.5187270045280457,0.4428369402885437,-0.06545857340097427,0.47566813230514526,0.44340771436691284,0.0655883178114891,0.4994092583656311,0.4886171817779541,-0.278997004032135,0.42752599716186523,0.48609575629234314,-0.08707054704427719,0.519530713558197,0.5499201416969299,-0.21862757205963135,0.4235404431819916,0.5416282415390015,0.04755657911300659,0.5255225300788879,0.5579497814178467,-0.22255444526672363,0.43629026412963867,0.5509424805641174,0.05242542549967766,0.4968867003917694,0.5651769042015076,-0.3689691424369812,0.3844343423843384,0.5509544014930725,-0.04979003965854645
18,0.49681389331817627,0.38941094279289246,-0.3230825662612915,0.4238539934158325,0.3865905702114105,-0.17226895689964294,0.5048652291297913,0.4302111268043518,-0.3475807309150696,0.4321976900100708,0.4198259711265564,-0.1625753492116928,0.4554057717323303,0.4368778169155121,-0.4281712770462036,0.4268529713153839,0.44207972288131714,-0.3308350145816803,0.5179440975189209,0.4455982744693756,-0.06502363830804825,0.4735061228275299,0.44569849967956543,0.06516274064779282,0.4987691640853882,0.4957466125488281,-0.2670142650604248,0.4255532920360565,0.4896898865699768,-0.05456488952040672,0.5196382403373718,0.5537779927253723,-0.19340088963508606,0.4206707775592804,0.5434949398040771,0.12593553960323334,0.5261470675468445,0.5621488690376282,-0.19605642557144165,0.4332481026649475,0.5526114106178284,0.13517145812511444,0.4985184967517853,0.5709493160247803,-0.3403017222881317,0.38555750250816345,0.5542463064193726,0.033717814832925797
19,0.48918917775154114,0.39694780111312866,-0.3110910952091217,0.41131874918937683,0.3956654667854309,-0.16717492043972015,0.5017338991165161,0.4386472702026367,-0.3431260287761688,0.42015284299850464,0.42816361784935,-0.17139938473701477,0.4495551586151123,0.44721513986587524,-0.4195301830768585,0.41779786348342896,0.4475453794002533,-0.3536931574344635,0.508421778678894,0.4524734616279602,-0.06106533482670784,0.46278390288352966,0.45391759276390076,0.06115974485874176,0.4930152893066406,0.5044854879379272,-0.24878747761249542,0.41884905099868774,0.4992421567440033,-0.06214854493737221,0.5166314840316772,0.5619737505912781,-0.18379569053649902,0.41499948501586914,0.5557007193565369,0.07812102884054184,0.5230302810668945,0.5705549120903015,-0.18679101765155792,0.4268215596675873,0.5641728043556213,0.08220946788787842,0.49639037251472473,0.5783013701438904,-0.3278530240058899,0.3779696226119995,0.5653103590011597,-0.020479712635278702
20,0.4802098572254181,0.40242964029312134,-0.2761177122592926,0.39920544624328613,0.40131837129592896,-0.15984323620796204,0.4926299750804901,0.44259342551231384,-0.2925080955028534,0.4095933139324188,0.4351121485233307,-0.15388450026512146,0.44074058532714844,0.45660775899887085,-0.3823545277118683,0.41142335534095764,0.4564208388328552,-0.31786414980888367,0.49621862173080444,0.45800432562828064,-0.05506030097603798,0.45099005103111267,0.4595656991004944,0.055088285356760025,0.48172709345817566,0.5087792873382568,-0.22811271250247955,0.41129231452941895,0.507301390171051,-0.06257886439561844,0.514209508895874,0.5694229006767273,-0.1845620721578598,0.4090500771999359,0.5632258653640747,0.048624541610479355,0.5211010575294495,0.5777432918548584,-0.18930380046367645,0.420213520526886,0.5719854831695557,0.04954787716269493,0.49318134784698486,0.5843081474304199,-0.3287452459335327,0.3710630238056183,0.5727787017822266,-0.053844138979911804
21,0.4728277921676636,0.404543936252594,-0.2693990170955658,0.39206573367118835,0.4026235044002533,-0.1621941179037094,0.4857333302497864,0.4443558156490326,-0.2756892740726471,0.40251651406288147,0.43636178970336914,-0.1547136902809143,0.43474045395851135,0.4610867500305176,-0.35482123494148254,0.4042585492134094,0.4592902660369873,-0.313080370426178,0.48764827847480774,0.45952051877975464,-0.05108121410012245,0.44260093569755554,0.46078404784202576,0.051070600748062134,0.47045889496803284,0.5095856785774231,-0.20443712174892426,0.4083285927772522,0.5113237500190735,-0.04237912967801094,0.5072544813156128,0.5725236535072327,-0.18188580870628357,0.4051191508769989,0.5670987367630005,0.048818036913871765,0.5144714117050171,0.5804920196533203,-0.18547238409519196,0.4160768389701843,0.5764178037643433,0.049520716071128845,0.48964107036590576,0.5872586965560913,-0.32806196808815,0.3675057590007782,0.5766214728355408,-0.05330296978354454
22,0.46938544511795044,0.40533119440078735,-0.2597857415676117,0.3881700336933136,0.40423449873924255,-0.15946795046329498,0.48230934143066406,0.446139395236969,-0.2431911826133728,0.4002802073955536,0.438629150390625,-0.1528552621603012,0.43577197194099426,0.46695107221603394,-0.3074782192707062,0.4060218334197998,0.46395644545555115,-0.3181617259979248,0.4857463538646698,0.45965200662612915,-0.04902558773756027,0.4393541216850281,0.4612344205379486,0.04896394908428192,0.46465495228767395,0.5100734829902649,-0.19992120563983917,0.40849411487579346,0.512639045715332,-0.0418088361620903,0.4999483823776245,0.5739368200302124,-0.1817241609096527,0.40654584765434265,0.5686492323875427,0.03619629889726639,0.5091018080711365,0.5823654532432556,-0.18728628754615784,0.41762974858283997,0.5781283974647522,0.03497837483882904,0.4863854646682739,0.589448094367981,-0.325566828250885,0.36879149079322815,0.5789502859115601,-0.07061748206615448
23,0.46425339579582214,0.4031805396080017,-0.2720421552658081,0.3817635476589203,0.40513330698013306,-0.18089966475963593,0.47868812084198,0.44453948736190796,-0.2573077380657196,0.39845579862594604,0.43879300355911255,-0.14176490902900696,0.43573248386383057,0.46791237592697144,-0.33209118247032166,0.4025467038154602,0.46696314215660095,-0.2723483741283417,0.48024359345436096,0.45802536606788635,-0.046737190335989,0.4332801103591919,0.4598425030708313,0.04670581966638565,0.4552251100540161,0.5091332793235779,-0.17695897817611694,0.40584978461265564,0.5125463604927063,-0.04559025168418884,0.48545944690704346,0.5733411312103271,-0.15326236188411713,0.40543025732040405,0.5689738392829895,0.01991896890103817,0.4917149543762207,0.5813559293746948,-0.15917213261127472,0.4149954617023468,0.5779350399971008,0.01792202889919281,0.47650861740112305,0.5885438323020935,-0.2940702438354492,0.3682997524738312,0.5798685550689697,-0.09551801532506943
24,0.45868873596191406,0.40194177627563477,-0.2711321711540222,0.37847089767456055,0.4041539132595062,-0.1711549013853073,0.47385266423225403,0.44317275285720825,-0.24722722172737122,0.3944934010505676,0.4374147355556488,-0.11206215620040894,0.43121427297592163,0.4699631333351135,-0.32454434037208557,0.39699310064315796,0.4681939482688904,-0.21865271031856537,0.47638219594955444,0.4577162265777588,-0.04600706696510315,0.4294224679470062,0.4593134820461273,0.04597704857587814,0.4510525166988373,0.5086663961410522,-0.1839929223060608,0.4019954800605774,0.513763427734375,-0.04766130819916725,0.47432276606559753,0.5717934966087341,-0.15738312900066376,0.40460798144340515,0.5693556666374207,0.0009920814773067832,0.481320321559906,0.5799494385719299,-0.1631179004907608,0.41351598501205444,0.5786077976226807,-0.0020642196759581566,0.4607660472393036,0.5872224569320679,-0.30016571283340454,0.3672305643558502,0.5806875228881836,-0.1187259778380394
25,0.45124703645706177,0.4006864130496979,-0.2918460965156555,0.37111425399780273,0.4020499587059021,-0.1786736398935318,0.4607445299625397,0.4419350028038025,-0.25794899463653564,0.38798603415489197,0.4356350302696228,-0.11525376886129379,0.4161151051521301,0.4690782129764557,-0.340404748916626,0.3904225528240204,0.46675458550453186,-0.23064567148685455,0.47025105357170105,0.45722681283950806,-0.04742167890071869,0.42434629797935486,0.4580662250518799,0.04741140082478523,0.44245558977127075,0.5075026154518127,-0.1805264949798584,0.3958054780960083,0.511085569858551,-0.06434118002653122,0.45769768953323364,0.5668942332267761,-0.12550073862075806,0.3987227976322174,0.5676589012145996,9.106371726375073e-05,0.4610428810119629,0.5764333605766296,-0.12876594066619873,0.40807053446769714,0.5767146944999695,-0.0017814099555835128,0.4446460008621216,0.5861303806304932,-0.26453694701194763,0.36391910910606384,0.5793637037277222,-0.12089169770479202
26,0.4397212564945221,0.4001219868659973,-0.3079078197479248,0.35992729663848877,0.40116721391677856,-0.1786787062883377,0.44623246788978577,0.441168874502182,-0.2761627733707428,0.3774811923503876,0.43471288681030273,-0.10980501025915146,0.4065990746021271,0.46917659044265747,-0.3429867625236511,0.37951818108558655,0.4666455388069153,-0.21951209008693695,0.4577314257621765,0.4571629464626312,-0.04821818694472313,0.4120641350746155,0.4579765796661377,0.04821225255727768,0.42941734194755554,0.5071282982826233,-0.18551616370677948,0.38554564118385315,0.5096102952957153,-0.0636964663863182,0.43955785036087036,0.566743016242981,-0.13011367619037628,0.3892875611782074,0.5670071244239807,0.002831903053447604,0.4443865418434143,0.5760188102722168,-0.13334426283836365,0.39888110756874084,0.5759063363075256,0.001102325739338994,0.4242706298828125,0.5860270261764526,-0.2684992849826813,0.3503689765930176,0.5789339542388916,-0.11799713969230652
27,0.43423351645469666,0.39983126521110535,-0.335746705532074,0.3552756905555725,0.4005165994167328,-0.1799001693725586,0.436598539352417,0.4421117901802063,-0.30991750955581665,0.37358084321022034,0.43427276611328125,-0.10419721901416779,0.3966054618358612,0.4718403220176697,-0.3608643412590027,0.3781765401363373,0.46596869826316833,-0.20857644081115723,0.4542825520038605,0.4564531445503235,-0.052239757031202316,0.4082336127758026,0.45660871267318726,0.05230225995182991,0.42607977986335754,0.5070605874061584,-0.18832944333553314,0.383179634809494,0.5095277428627014,-0.07218073308467865,0.43291693925857544,0.5689359903335571,-0.140432670712471,0.3852800130844116,0.5674238801002502,-0.0030053993687033653,0.4377838969230652,0.5782543420791626,-0.14428961277008057,0.39487048983573914,0.5764672160148621,-0.004687794949859381,0.4150705933570862,0.5848749876022339,-0.2809327244758606,0.3506816327571869,0.5794714689254761,-0.1252749264240265
28,0.4284648895263672,0.39962154626846313,-0.34113290905952454,0.35195186734199524,0.4001838266849518,-0.17927421629428864,0.4288393557071686,0.4418746829032898,-0.3203886151313782,0.36939048767089844,0.43458977341651917,-0.09896355867385864,0.393323689699173,0.4720560610294342,-0.3754861652851105,0.37270185351371765,0.4663981795310974,-0.20586852729320526,0.4499931335449219,0.4559670090675354,-0.05513768643140793,0.404744416475296,0.4555400013923645,0.055248748511075974,0.42312511801719666,0.5081394910812378,-0.17668777704238892,0.3802407681941986,0.5102829933166504,-0.07130609452724457,0.429733544588089,0.5711616277694702,-0.13093096017837524,0.38169145584106445,0.5687130689620972,0.003796095959842205,0.43204599618911743,0.5797990560531616,-0.13551545143127441,0.3922719657421112,0.5779656171798706,0.002285328460857272,0.41660982370376587,0.5848720669746399,-0.2727876305580139,0.3487197458744049,0.5803006887435913,-0.11706181615591049
29,0.425189346075058,0.4020931124687195,-0.33422598242759705,0.3535647392272949,0.4003364145755768,-0.17293839156627655,0.4224196672439575,0.4443186819553375,-0.31377846002578735,0.3679943382740021,0.4360284209251404,-0.08510716259479523,0.39166128635406494,0.4741554260253906,-0.3740426301956177,0.3702056109905243,0.46826115250587463,-0.19013400375843048,0.4485592246055603,0.4561498165130615,-0.05766698345541954,0.40425407886505127,0.4556334614753723,0.05778733268380165,0.42392295598983765,0.5111175775527954,-0.16696614027023315,0.37979525327682495,0.5137901902198792,-0.06921306997537613,0.4297058582305908,0.5732065439224243,-0.11723212897777557,0.3826271593570709,0.5711482167243958,0.0071767838671803474,0.431039422750473,0.5813192129135132,-0.1215440034866333,0.39420726895332336,0.5808453559875488,0.006053499411791563,0.41572681069374084,0.586348295211792,-0.2565111219882965,0.3467680513858795,0.5824707746505737,-0.11189274489879608
30,0.42438384890556335,0.4028436243534088,-0.3253575563430786,0.3570270538330078,0.40147557854652405,-0.15279771387577057,0.42275145649909973,0.4441538453102112,-0.3086155354976654,0.3685081899166107,0.43775099515914917,-0.06023417040705681,0.39339157938957214,0.4748767912387848,-0.3593989908695221,0.3679044842720032,0.47030162811279297,-0.1589410901069641,0.4482903778553009,0.4588908553123474,-0.0599932000041008,0.40518853068351746,0.4584060311317444,0.06008613854646683,0.42742276191711426,0.5146573781967163,-0.17195454239845276,0.3813287019729614,0.5166040658950806,-0.06801217794418335,0.4326633810997009,0.5762090682983398,-0.12141983956098557,0.3846583366394043,0.5735315680503845,0.01037672720849514,0.43286100029945374,0.5839947462081909,-0.12565162777900696,0.3956872820854187,0.5826749205589294,0.009903729893267155,0.41821718215942383,0.5899980664253235,-0.2601964771747589,0.3482993543148041,0.5859662294387817,-0.10698521137237549
31,0.41606712341308594,0.40311408042907715,-0.32250839471817017,0.351442813873291,0.40214961767196655,-0.1324472874403,0.40895670652389526,0.4450210928916931,-0.3071250915527344,0.3644341826438904,0.4383793771266937,-0.04212509095668793,0.38017401099205017,0.47558727860450745,-0.35619062185287476,0.35928672552108765,0.47139543294906616,-0.1437513530254364,0.44187843799591064,0.46040353178977966,-0.06269451975822449,0.3991107642650604,0.46018004417419434,0.06277509033679962,0.4186600148677826,0.5165825486183167,-0.17698879539966583,0.37384656071662903,0.518321692943573,-0.07163392007350922,0.42472177743911743,0.578148603439331,-0.12769198417663574,0.38125622272491455,0.5760952830314636,0.005284693092107773,0.42566245794296265,0.5855473279953003,-0.13195644319057465,0.3918546140193939,0.584771454334259,0.00448682252317667,0.410631388425827,0.5918349623680115,-0.26793310046195984,0.34478315711021423,0.5879308581352234,-0.11223854124546051
32,0.41027310490608215,0.404087632894516,-0.30581387877464294,0.3481881320476532,0.4023692011833191,-0.10142401605844498,0.4014337360858917,0.4458255171775818,-0.28926345705986023,0.36172688007354736,0.4377613663673401,-0.013164582662284374,0.3718242943286896,0.47420603036880493,-0.3184206783771515,0.35568568110466003,0.47082510590553284,-0.11784232407808304,0.4358491599559784,0.46305710077285767,-0.06552416831254959,0.3932453989982605,0.4625020921230316,0.06560583412647247,0.41202041506767273,0.5189244151115417,-0.1562596559524536,0.3681713938713074,0.5202573537826538,-0.0669831931591034,0.4200614094734192,0.5788636207580566,-0.10526368767023087,0.37603959441185,0.5778234004974365,0.015868116170167923,0.4217416048049927,0.5860650539398193,-0.10921669006347656,0.3869301676750183,0.5862232446670532,0.01572491228580475,0.40380069613456726,0.5932749509811401,-0.24042315781116486,0.3389993906021118,0.5892304182052612,-0.09706240892410278
33,0.4118422567844391,0.40380921959877014,-0.2887212038040161,0.3525586724281311,0.40184736251831055,-0.07487422227859497,0.40498852729797363,0.44535407423973083,-0.2710575759410858,0.36502787470817566,0.4368264079093933,0.028163086622953415,0.3693181276321411,0.4739151895046234,-0.2985852360725403,0.3536127507686615,0.4662943482398987,-0.059606604278087616,0.4372851848602295,0.46257084608078003,-0.06896309554576874,0.3963015675544739,0.46214157342910767,0.06903821974992752,0.4161548912525177,0.518517255783081,-0.15546570718288422,0.37111896276474,0.5203896760940552,-0.06166430935263634,0.42387881875038147,0.5781953930854797,-0.1078125536441803,0.3784574866294861,0.5784228444099426,0.019450845196843147,0.4257214069366455,0.58626788854599,-0.11195988953113556,0.3896148204803467,0.5863782167434692,0.019208377227187157,0.4074745178222656,0.5941050052642822,-0.24284930527210236,0.33970579504966736,0.5896028280258179,-0.08921844512224197
34,0.41532424092292786,0.4034777581691742,-0.281493604183197,0.35301199555397034,0.40014320611953735,-0.06456796079874039,0.4075072705745697,0.44244933128356934,-0.2590929865837097,0.36775296926498413,0.4349890649318695,0.04716290906071663,0.3697455823421478,0.466555118560791,-0.2862532436847687,0.3524564504623413,0.4598310887813568,-0.04368435591459274,0.43978050351142883,0.4618128836154938,-0.06905272603034973,0.3984745144844055,0.4613425135612488,0.06913980096578598,0.4199168384075165,0.5174516439437866,-0.149819478392601,0.3745281994342804,0.5190390944480896,-0.05862369015812874,0.42772552371025085,0.5781084895133972,-0.1015738993883133,0.3806065022945404,0.5781468152999878,0.019203180447220802,0.42964059114456177,0.585848867893219,-0.10564862191677094,0.39139246940612793,0.5860723257064819,0.018744967877864838,0.4116344153881073,0.5936299562454224,-0.2361721396446228,0.3423771262168884,0.5888659954071045,-0.09028999507427216
35,0.4142089784145355,0.40408438444137573,-0.20989306271076202,0.35802578926086426,0.4003005921840668,0.011755222454667091,0.4031968116760254,0.4425501227378845,-0.19586683809757233,0.368658185005188,0.43521031737327576,0.11912321299314499,0.36462995409965515,0.4639173150062561,-0.21199668943881989,0.3456810712814331,0.4568975865840912,0.04505934193730354,0.440825879573822,0.46526017785072327,-0.07035962492227554,0.40040695667266846,0.46501678228378296,0.07044731080532074,0.4218512177467346,0.5197481513023376,-0.15497781336307526,0.3760691285133362,0.5214121341705322,-0.05888656899333,0.4298512041568756,0.5822931528091431,-0.11454800516366959,0.38152602314949036,0.5813940167427063,0.006956152617931366,0.43267109990119934,0.5905596613883972,-0.11693402379751205,0.3921954333782196,0.5893570184707642,0.005953388754278421,0.4121529161930084,0.5969594717025757,-0.2467116415500641,0.34306037425994873,0.5919066667556763,-0.09221312403678894
36,0.41118890047073364,0.4061986804008484,-0.14768090844154358,0.35937920212745667,0.4046516418457031,0.08241486549377441,0.39490807056427,0.4444023668766022,-0.14092443883419037,0.36948955059051514,0.43785810470581055,0.14819534122943878,0.3523363471031189,0.4626699388027191,-0.1383296549320221,0.33769747614860535,0.4563209116458893,0.03938281536102295,0.44075924158096313,0.4701710343360901,-0.07373662292957306,0.4007243812084198,0.470857709646225,0.07378672808408737,0.42307254672050476,0.5230351686477661,-0.15993471443653107,0.3758276700973511,0.525881826877594,-0.05780251324176788,0.4314785301685333,0.5872541069984436,-0.15221330523490906,0.3819364011287689,0.5862972140312195,-0.01984056830406189,0.434343159198761,0.595439076423645,-0.15690381824970245,0.3931456208229065,0.5951766967773438,-0.02317707985639572,0.41275373101234436,0.6018770337104797,-0.2612665295600891,0.3400920033454895,0.5965803861618042,-0.1089056134223938
37,0.40748536586761475,0.4107685983181,-0.15153880417346954,0.35950490832328796,0.40893611311912537,0.07413686811923981,0.3880414366722107,0.44730228185653687,-0.15339553356170654,0.35602086782455444,0.438210666179657,0.07349708676338196,0.34349918365478516,0.4599933624267578,-0.13529370725154877,0.32489994168281555,0.453047513961792,-0.19892577826976776,0.4413186311721802,0.4744601249694824,-0.07375554740428925,0.4014390707015991,0.47541332244873047,0.07374229282140732,0.4241970181465149,0.5262630581855774,-0.1679895520210266,0.3749959170818329,0.5284011960029602,-0.05371899530291557,0.43335190415382385,0.5887486338615417,-0.16986829042434692,0.3801385760307312,0.5894232988357544,-0.018870186060667038,0.43997693061828613,0.5980187654495239,-0.17590953409671783,0.3914279639720917,0.59791100025177,-0.02235230803489685,0.41293346881866455,0.6058639883995056,-0.2804373502731323,0.3374391496181488,0.6001920104026794,-0.1069052591919899
38,0.40518683195114136,0.4173540472984314,-0.1301276683807373,0.3597455620765686,0.4162852168083191,0.10053252428770065,0.3820291757583618,0.4514528810977936,-0.1446501612663269,0.3451261818408966,0.4406883716583252,0.07239940762519836,0.3337151110172272,0.4594472050666809,-0.12136784940958023,0.3202292323112488,0.4524083733558655,-0.14173248410224915,0.4422057271003723,0.4810113310813904,-0.07482603192329407,0.40150660276412964,0.4828000068664551,0.07483150064945221,0.42870140075683594,0.5341684818267822,-0.16913019120693207,0.3744252026081085,0.5323804616928101,-0.05471928417682648,0.4422956705093384,0.5968601107597351,-0.17475517094135284,0.3787667453289032,0.594157874584198,-0.02830263040959835,0.4525846242904663,0.6049131155014038,-0.18053576350212097,0.3899695873260498,0.6029723882675171,-0.03190552070736885,0.4193687438964844,0.6108654141426086,-0.2826893925666809,0.33593183755874634,0.6049310564994812,-0.11246060580015182
39,0.4003126919269562,0.4239601194858551,-0.12499683350324631,0.36174511909484863,0.4276934266090393,0.11463470757007599,0.37758415937423706,0.4569808840751648,-0.17426873743534088,0.3419736325740814,0.4512917101383209,0.05656622722744942,0.33121147751808167,0.46036142110824585,-0.17387883365154266,0.3186209201812744,0.45231494307518005,-0.16272220015525818,0.4427841603755951,0.48836857080459595,-0.07390391826629639,0.4027290344238281,0.4909897744655609,0.0739184319972992,0.43583887815475464,0.5409247279167175,-0.1914496123790741,0.37278056144714355,0.5387486219406128,-0.047964975237846375,0.4507063925266266,0.5989013314247131,-0.1889345645904541,0.376645565032959,0.5987750291824341,-0.0034631285816431046,0.4582814872264862,0.6065396070480347,-0.19425266981124878,0.38795703649520874,0.6074520349502563,-0.004131617955863476,0.43909546732902527,0.6150078177452087,-0.29742491245269775,0.3356276750564575,0.6095342040061951,-0.07655297219753265
40,0.3974412679672241,0.4247616231441498,-0.15575173497200012,0.3622342050075531,0.42667779326438904,0.1097932681441307,0.37102776765823364,0.4570314288139343,-0.1907465010881424,0.34802916646003723,0.45205456018447876,0.11564174294471741,0.3293507993221283,0.4604850709438324,-0.1952401101589203,0.32334160804748535,0.4535256028175354,-0.04265834391117096,0.4431511461734772,0.4901258945465088,-0.08056706935167313,0.40354588627815247,0.4925557076931,0.08062593638896942,0.43842071294784546,0.541875422000885,-0.2022869735956192,0.372203528881073,0.5399252772331238,-0.02457692101597786,0.45545145869255066,0.6008725762367249,-0.18661755323410034,0.3751133382320404,0.5997174382209778,0.04638311639428139,0.46071845293045044,0.6086921691894531,-0.19045276939868927,0.386272132396698,0.6078861951828003,0.04748653247952461,0.44813957810401917,0.616990327835083,-0.29128116369247437,0.3356291353702545,0.6100909113883972,-0.02553657628595829
41,0.3885011076927185,0.4311826825141907,-0.1740976870059967,0.3609364926815033,0.43557605147361755,0.089964359998703,0.35305172204971313,0.45837336778640747,-0.2653026878833771,0.3366513252258301,0.4593017101287842,0.10037047415971756,0.32189613580703735,0.46078744530677795,-0.3109844923019409,0.3143405616283417,0.45759209990501404,-0.14817602932453156,0.4393599331378937,0.49584951996803284,-0.08269710838794708,0.40165355801582336,0.4984962046146393,0.08279433846473694,0.43808504939079285,0.5472592115402222,-0.20558121800422668,0.364310622215271,0.5438666939735413,-0.002838284708559513,0.45249056816101074,0.6026353240013123,-0.175271674990654,0.36589759588241577,0.6015447974205017,0.08397682756185532,0.4578281044960022,0.6108281016349792,-0.17916487157344818,0.3763730823993683,0.6099334359169006,0.08621137589216232,0.44322335720062256,0.6201668381690979,-0.28701022267341614,0.3309263586997986,0.6118035316467285,0.00854959525167942
42,0.3812577426433563,0.43737927079200745,-0.18154394626617432,0.3537088930606842,0.4423576891422272,0.07370103895664215,0.3468792736530304,0.4610174298286438,-0.28981009125709534,0.3347039818763733,0.4680345952510834,0.07478158921003342,0.3210068643093109,0.4644530713558197,-0.35609543323516846,0.31242823600769043,0.4675198495388031,-0.14390508830547333,0.43454670906066895,0.5004512071609497,-0.08070041239261627,0.39628058671951294,0.5040353536605835,0.08078786730766296,0.4351120889186859,0.5513818860054016,-0.21675129234790802,0.35917723178863525,0.5502578020095825,0.007468984462320805,0.4504636526107788,0.6054517030715942,-0.1744833141565323,0.35993778705596924,0.6031057834625244,0.1070258691906929,0.45316582918167114,0.6132773160934448,-0.1775321066379547,0.3706519603729248,0.6107975244522095,0.11065763980150223,0.4399430453777313,0.622270941734314,-0.28719472885131836,0.3263915181159973,0.6132920384407043,0.034047652035951614
43,0.38088083267211914,0.44357505440711975,-0.27617737650871277,0.3475581407546997,0.4407450556755066,-0.012370419688522816,0.34255990386009216,0.4720448851585388,-0.3019433617591858,0.3326028883457184,0.4711437225341797,-0.02706333063542843,0.31366583704948425,0.4773595333099365,-0.2924722135066986,0.3163808286190033,0.4799538552761078,-0.21871887147426605,0.4356887936592102,0.5012903213500977,-0.08002753555774689,0.3953697681427002,0.5042181015014648,0.08008818328380585,0.43468883633613586,0.5512508153915405,-0.20997869968414307,0.36209991574287415,0.554331362247467,0.011274297721683979,0.4475264251232147,0.6054815053939819,-0.13282252848148346,0.35984542965888977,0.6042741537094116,0.13867345452308655,0.4492449462413788,0.6128823161125183,-0.13257728517055511,0.36945122480392456,0.6110958456993103,0.1447172313928604,0.4381665587425232,0.6228629350662231,-0.2564118802547455,0.32649433612823486,0.6143343448638916,0.05652237311005592
44,0.3863981068134308,0.4393928050994873,-0.3671415448188782,0.3331267237663269,0.4365762174129486,-0.12686890363693237,0.3550538718700409,0.47410517930984497,-0.3715868592262268,0.32499781250953674,0.4669574797153473,-0.023931382223963737,0.3200477957725525,0.49951472878456116,-0.389578640460968,0.3197534680366516,0.4924239218235016,-0.10007595270872116,0.4344654083251953,0.4973706603050232,-0.06854681670665741,0.3904094994068146,0.500508189201355,0.06859859079122543,0.4357747435569763,0.5489002466201782,-0.12410718947649002,0.3683720827102661,0.5551793575286865,0.07111931592226028,0.4462457299232483,0.6046925187110901,0.020253142341971397,0.36218512058258057,0.6007710695266724,0.2739149034023285,0.4453822374343872,0.6120060682296753,0.02520640939474106,0.3706476390361786,0.6081801652908325,0.2873174548149109,0.4374168813228607,0.6207709312438965,-0.11344259232282639,0.3284948170185089,0.6116679310798645,0.1868213266134262
45,0.3862338960170746,0.42729702591896057,-0.31399351358413696,0.3181580901145935,0.43508410453796387,-0.1133420541882515,0.36103567481040955,0.4678199291229248,-0.3161223828792572,0.33247196674346924,0.47074270248413086,-0.039500754326581955,0.32042577862739563,0.4997404217720032,-0.3594876527786255,0.3333178460597992,0.5012608766555786,-0.15141968429088593,0.43080252408981323,0.4939468502998352,-0.058605119585990906,0.38350287079811096,0.496974378824234,0.05869068577885628,0.4349515736103058,0.5456339716911316,-0.11841262131929398,0.3694859743118286,0.5490837097167969,0.058233123272657394,0.4405668079853058,0.6027289032936096,0.023598508909344673,0.3615879416465759,0.5978323221206665,0.237086683511734,0.437996506690979,0.6098893284797668,0.0290830135345459,0.36949512362480164,0.6057894825935364,0.24817858636379242,0.43298423290252686,0.6184613108634949,-0.10179635882377625,0.32912173867225647,0.6110603213310242,0.14702041447162628
46,0.382397323846817,0.414267361164093,-0.28945475816726685,0.3091595768928528,0.4349156320095062,-0.095890112221241,0.3915140926837921,0.4490736424922943,-0.3003059923648834,0.33256030082702637,0.4707767069339752,-0.03230118378996849,0.36768433451652527,0.49004626274108887,-0.389165997505188,0.35625511407852173,0.4997001588344574,-0.14947834610939026,0.4273086190223694,0.4888974130153656,-0.054196618497371674,0.38212212920188904,0.49504804611206055,0.05432959273457527,0.43474799394607544,0.5441221594810486,-0.10866516083478928,0.37000322341918945,0.5440658926963806,0.02744062803685665,0.43889617919921875,0.6013996005058289,0.0030066196341067553,0.36207443475723267,0.5977108478546143,0.15819033980369568,0.4350230395793915,0.6089855432510376,0.005095728673040867,0.37130796909332275,0.6052631735801697,0.16450956463813782,0.42910677194595337,0.6183434724807739,-0.12662000954151154,0.32944542169570923,0.6107891201972961,0.08036234229803085
47,0.38167840242385864,0.4019569754600525,-0.2806148827075958,0.3111846446990967,0.43380194902420044,-0.1776086986064911,0.3990374207496643,0.4399959444999695,-0.2727828025817871,0.3357515335083008,0.46913942694664,-0.13570106029510498,0.3925374746322632,0.4858678877353668,-0.34361547231674194,0.374808132648468,0.4913926124572754,-0.24448204040527344,0.425446093082428,0.47885218262672424,-0.043537162244319916,0.37623322010040283,0.486842542886734,0.043696776032447815,0.4346922039985657,0.5375261306762695,-0.16540682315826416,0.3680628538131714,0.5297810435295105,-0.07320107519626617,0.4356376528739929,0.5997359156608582,-0.049048952758312225,0.3626677691936493,0.5877785682678223,0.05554649606347084,0.4323495328426361,0.6078947186470032,-0.04774099588394165,0.36874911189079285,0.5950645208358765,0.06196185201406479,0.4301474690437317,0.6170133948326111,-0.1627279669046402,0.3338524401187897,0.6048284769058228,-0.05951061099767685
48,0.3716922402381897,0.3968351483345032,-0.11904462426900864,0.3073436915874481,0.4321398138999939,-0.09764136373996735,0.3947046101093292,0.4266129434108734,-0.19161483645439148,0.3411754071712494,0.4663600027561188,-0.11670426279306412,0.406174898147583,0.45206576585769653,-0.39489465951919556,0.38069435954093933,0.47060051560401917,-0.28432559967041016,0.42006364464759827,0.47243207693099976,-0.03039696253836155,0.3711773753166199,0.48029303550720215,0.03058638796210289,0.4303895831108093,0.5328526496887207,-0.14351989328861237,0.3625586926937103,0.5304622650146484,-0.05943522974848747,0.42995360493659973,0.5933948755264282,-0.01409476064145565,0.3555670976638794,0.5847409963607788,0.10409409552812576,0.42592430114746094,0.6018852591514587,-0.01007186807692051,0.3603053092956543,0.5926396250724792,0.11094032227993011,0.42976412177085876,0.6118196249008179,-0.14614446461200714,0.3332149386405945,0.6023632287979126,-0.03134264051914215
49,0.3621883690357208,0.3960042893886566,0.031504031270742416,0.30116957426071167,0.4297640323638916,-0.06988824158906937,0.392886221408844,0.4211365282535553,0.009552735835313797,0.34130340814590454,0.4487729072570801,-0.12045248597860336,0.41424140334129333,0.43492427468299866,-0.14669659733772278,0.3935335874557495,0.43697333335876465,-0.23547475039958954,0.4122098684310913,0.47482213377952576,-0.006834030617028475,0.36465245485305786,0.4820934236049652,0.0070472657680511475,0.42491331696510315,0.5331041216850281,-0.1192043274641037,0.3550448417663574,0.5322434902191162,-0.03486074507236481,0.4288419187068939,0.5938687324523926,0.02183137834072113,0.3492332994937897,0.584696888923645,0.16665765643119812,0.42518165707588196,0.6018418073654175,0.027852756902575493,0.3563549816608429,0.5915534496307373,0.17923937737941742,0.4322260022163391,0.6108372211456299,-0.10294293612241745,0.33322054147720337,0.6017999053001404,0.0655585303902626
50,0.36170437932014465,0.3986583352088928,0.05250385031104088,0.29496705532073975,0.4191117286682129,-0.06938870996236801,0.3914676606655121,0.41202792525291443,-0.09888400137424469,0.34921714663505554,0.42583799362182617,-0.20222266018390656,0.4161222279071808,0.3732979893684387,-0.3105308413505554,0.3898289203643799,0.3962494730949402,-0.28538432717323303,0.4057478606700897,0.4760715067386627,0.00735633447766304,0.35914722084999084,0.4820902943611145,-0.007189218420535326,0.4180118441581726,0.5341068506240845,-0.07056934386491776,0.3486422002315521,0.5332512259483337,-0.026169633492827415,0.4265703558921814,0.5912927389144897,0.08042282611131668,0.34162458777427673,0.5844742059707642,0.1501874029636383,0.421539306640625,0.5979443192481995,0.08906558156013489,0.3497421443462372,0.5913445353507996,0.16083188354969025,0.4296685457229614,0.6080554127693176,-0.027056720107793808,0.3320477306842804,0.6020458936691284,0.051741503179073334
51,0.3640793263912201,0.4022413194179535,0.027596132829785347,0.29354530572891235,0.41488489508628845,-0.07030341029167175,0.3903687000274658,0.4210428297519684,-0.15434366464614868,0.3307846784591675,0.4180977940559387,-0.24162884056568146,0.40571194887161255,0.3939339518547058,-0.37713974714279175,0.37731701135635376,0.38940003514289856,-0.3232666254043579,0.39967888593673706,0.47691288590431213,0.0025997532065957785,0.35504648089408875,0.4829930365085602,-0.002487324411049485,0.41335615515708923,0.5365239977836609,-0.047216955572366714,0.34447452425956726,0.5339781045913696,0.03613651543855667,0.42355677485466003,0.5913757085800171,0.08174251765012741,0.3407500684261322,0.5855771899223328,0.222307950258255,0.4193122982978821,0.5980182886123657,0.08805117756128311,0.3487437963485718,0.5927261710166931,0.23491312563419342,0.4271041452884674,0.6081641316413879,-0.02835831604897976,0.32835817337036133,0.6058359742164612,0.1331603229045868
52,0.36097338795661926,0.40231937170028687,-0.018843939527869225,0.2893855571746826,0.4124526381492615,-0.0809425488114357,0.3724533021450043,0.4164283871650696,-0.26896941661834717,0.30806034803390503,0.4102311134338379,-0.2935407757759094,0.35799139738082886,0.38149458169937134,-0.5126739740371704,0.34090656042099,0.3785162568092346,-0.40371274948120117,0.39107775688171387,0.4778191149234772,-0.0010267094476148486,0.34392374753952026,0.48339956998825073,0.0010314012179151177,0.40425610542297363,0.5375962257385254,-0.04068717360496521,0.33313316106796265,0.5351776480674744,0.03847062587738037,0.4149654805660248,0.5887843370437622,0.1087670549750328,0.33042973279953003,0.5861794352531433,0.21877305209636688,0.4112118184566498,0.593848466873169,0.11699609458446503,0.33840808272361755,0.593109667301178,0.2305554896593094,0.41850611567497253,0.6082029342651367,0.0013464658986777067,0.31886741518974304,0.6083608865737915,0.12375658750534058
53,0.3558674156665802,0.40290242433547974,0.006521293893456459,0.281154066324234,0.41058510541915894,-0.09789800643920898,0.3560022711753845,0.3973250389099121,-0.23267318308353424,0.2839951515197754,0.39978906512260437,-0.32512614130973816,0.32019686698913574,0.37001100182533264,-0.4393019378185272,0.299114853143692,0.35474997758865356,-0.4167881906032562,0.37457194924354553,0.4810749590396881,0.01605406403541565,0.32629629969596863,0.4853874146938324,-0.01615641452372074,0.3889414072036743,0.541184663772583,-0.03139566257596016,0.31274181604385376,0.5434558391571045,0.030697109177708626,0.40099117159843445,0.5897663831710815,0.16597343981266022,0.3091883361339569,0.5904316902160645,0.21242792904376984,0.39846327900886536,0.5953162908554077,0.17900602519512177,0.3156767189502716,0.5954981446266174,0.22624161839485168,0.40838801860809326,0.6089617609977722,0.05508379265666008,0.29871124029159546,0.6130914092063904,0.09909449517726898
54,0.3506582975387573,0.40347638726234436,-0.0644397884607315,0.2742686867713928,0.4127327799797058,-0.08856002241373062,0.3396192193031311,0.3916165232658386,-0.38576436042785645,0.26226359605789185,0.39912697672843933,-0.3340784013271332,0.29333168268203735,0.36549073457717896,-0.5682812333106995,0.2688297629356384,0.3612573742866516,-0.5215051770210266,0.3603314757347107,0.48666810989379883,0.0023495780769735575,0.3107782006263733,0.4901823401451111,-0.002085499931126833,0.3770110309123993,0.5447512865066528,-0.05444717034697533,0.29114413261413574,0.5483437180519104,0.02890046127140522,0.39299827814102173,0.5935328006744385,0.11213493347167969,0.29375624656677246,0.5943328142166138,0.22768902778625488,0.3891281485557556,0.5982314348220825,0.12016506493091583,0.30327707529067993,0.5991713404655457,0.23959219455718994,0.39647671580314636,0.6142539978027344,-0.013674961403012276,0.27565914392471313,0.6163198947906494,0.11645729094743729
55,0.3462798297405243,0.4029577374458313,-0.13551673293113708,0.2745119035243988,0.4092068076133728,-0.02644439786672592,0.3230869174003601,0.3954242765903473,-0.4291314482688904,0.24442721903324127,0.39823323488235474,-0.26696833968162537,0.2736812233924866,0.366443008184433,-0.6040212512016296,0.23812079429626465,0.3650898337364197,-0.5055211782455444,0.3455997109413147,0.4875670075416565,-0.03990599885582924,0.302542507648468,0.4900696277618408,0.03983541950583458,0.3642251789569855,0.5451924800872803,-0.049279969185590744,0.27677637338638306,0.5464379191398621,0.09698453545570374,0.38610023260116577,0.5955563187599182,0.07984255999326706,0.2755388617515564,0.5984889268875122,0.2506794333457947,0.38554462790489197,0.6003390550613403,0.08423684537410736,0.2862635850906372,0.6056638956069946,0.2579408288002014,0.3882902264595032,0.6148088574409485,-0.04497653618454933,0.24396288394927979,0.6166645884513855,0.15113919973373413
56,0.3366374671459198,0.40325093269348145,-0.20191392302513123,0.2593376934528351,0.40804189443588257,-0.019556177780032158,0.2973521947860718,0.40008148550987244,-0.42378392815589905,0.19600129127502441,0.40153008699417114,-0.23087531328201294,0.2470724880695343,0.37217944860458374,-0.5534413456916809,0.20795245468616486,0.37092238664627075,-0.4631606340408325,0.32892972230911255,0.4898666739463806,-0.05810003727674484,0.28085532784461975,0.4913617968559265,0.05798710137605667,0.34987038373947144,0.5466994047164917,-0.04667574167251587,0.25723811984062195,0.548996090888977,0.13967566192150116,0.3709840476512909,0.5985153913497925,0.08566947281360626,0.24776645004749298,0.6047535538673401,0.3073306083679199,0.3697749674320221,0.603481650352478,0.09020242840051651,0.2565453350543976,0.613774836063385,0.3162243366241455,0.36800602078437805,0.6198011636734009,-0.0415705069899559,0.20668306946754456,0.6195904016494751,0.20944711565971375
57,0.3231115937232971,0.40667447447776794,-0.1615423709154129,0.24432158470153809,0.4089869558811188,0.016261089593172073,0.30020686984062195,0.40534085035324097,-0.3848302662372589,0.18800058960914612,0.40749603509902954,-0.16879461705684662,0.23182174563407898,0.38525089621543884,-0.5268468260765076,0.18821385502815247,0.3836985230445862,-0.4087100028991699,0.3124406337738037,0.4982675611972809,-0.05489242449402809,0.26159822940826416,0.4987236559391022,0.05476123094558716,0.33745697140693665,0.5550411939620972,-0.05956313759088516,0.23865753412246704,0.55792635679245,0.11627684533596039,0.36104992032051086,0.6112581491470337,0.030066564679145813,0.22529958188533783,0.6141915321350098,0.25814059376716614,0.3589537739753723,0.6198190450668335,0.028784876689314842,0.23410700261592865,0.6237335801124573,0.26438623666763306,0.37091946601867676,0.63737952709198,-0.11171531677246094,0.19320467114448547,0.6281126737594604,0.1525408923625946
58,0.3015771806240082,0.41709503531455994,-0.14946722984313965,0.22851215302944183,0.41903042793273926,0.012630576267838478,0.2855486273765564,0.4160677492618561,-0.37798449397087097,0.17434906959533691,0.4302782118320465,-0.1682952642440796,0.21388445794582367,0.39781123399734497,-0.5377823710441589,0.1685885787010193,0.39930039644241333,-0.4305281341075897,0.2960105538368225,0.5069259405136108,-0.04953476041555405,0.2456350475549698,0.5079423189163208,0.04942509904503822,0.32204490900039673,0.5633640885353088,-0.05947191268205643,0.2207021862268448,0.5680245161056519,0.09257955849170685,0.350091814994812,0.6201862096786499,0.03113328106701374,0.2083730846643448,0.6256061792373657,0.25030452013015747,0.3489847779273987,0.6292449831962585,0.030619164928793907,0.21485097706317902,0.6342450976371765,0.2502948045730591,0.3634242117404938,0.6463794708251953,-0.11044474691152573,0.1818522810935974,0.6389918327331543,0.11886041611433029
59,0.26316267251968384,0.44178295135498047,-0.12381842732429504,0.18621677160263062,0.4460909366607666,0.02023914083838463,0.22795958817005157,0.4450570046901703,-0.31380367279052734,0.13550758361816406,0.46632394194602966,-0.14848308265209198,0.15156909823417664,0.43508386611938477,-0.43801090121269226,0.1269678920507431,0.43351396918296814,-0.41603049635887146,0.25909367203712463,0.5315264463424683,-0.044077567756175995,0.20667243003845215,0.5344183444976807,0.04392269626259804,0.2865579128265381,0.5867469310760498,-0.04061632230877876,0.18073312938213348,0.5948309898376465,0.07307124882936478,0.3169892132282257,0.6404105424880981,0.10686331987380981,0.1756337732076645,0.652167558670044,0.19334430992603302,0.3153216242790222,0.6497958302497864,0.11275983601808548,0.18697935342788696,0.6630865931510925,0.1964772343635559,0.3311796486377716,0.6650209426879883,-0.02040807344019413,0.1401381492614746,0.6658045053482056,0.06873603910207748
